datetime,temp_C,humidity_%,windspeed_kph,precip_mm,pm10,pm2_5,co,no2,so2,o3,aqi_us
2025-01-04 05:00:00+05:00,25.0,61.15,11.2,0.0,41.6,15.0,307.0,14.1,9.1,61.0,65
2025-01-04 06:00:00+05:00,25.0,69.35,13.0,0.0,50.5,17.5,672.0,24.4,11.1,50.0,65
2025-01-04 07:00:00+05:00,24.6,71.59,4.6,0.0,61.0,24.6,1156.0,38.3,14.0,36.0,65
2025-01-04 08:00:00+05:00,23.0,73.45,5.4,0.0,56.2,30.9,1416.0,45.6,17.3,36.0,66
2025-01-04 09:00:00+05:00,22.0,73.28,3.6,0.0,68.2,26.1,1234.0,40.2,21.5,63.0,66
2025-01-04 10:00:00+05:00,20.6,82.53,3.3,0.0,79.6,27.0,828.0,28.3,26.2,104.0,67
2025-01-04 11:00:00+05:00,19.0,82.75,5.4,0.0,93.8,30.6,502.0,18.2,29.7,139.0,68
2025-01-04 12:00:00+05:00,18.0,82.63,0.0,0.0,102.2,33.8,375.0,12.6,31.3,163.0,68
2025-01-04 13:00:00+05:00,23.8,60.88,6.3,0.0,103.8,34.7,329.0,8.8,31.7,181.0,69
2025-01-04 14:00:00+05:00,27.0,50.97,5.4,0.0,101.3,34.3,318.0,7.2,30.8,187.0,71
2025-01-04 15:00:00+05:00,32.0,29.47,7.6,0.0,95.5,33.4,328.0,8.3,28.2,178.0,72
2025-01-04 16:00:00+05:00,33.0,25.79,7.6,0.0,90.1,32.1,374.0,11.6,24.4,157.0,90
2025-01-04 17:00:00+05:00,36.0,16.84,13.0,0.0,65.0,25.7,454.0,16.6,21.8,137.0,116
2025-01-04 18:00:00+05:00,37.0,13.89,9.4,0.0,57.5,25.4,613.0,23.8,19.3,114.0,132
2025-01-04 19:00:00+05:00,37.8,22.8,18.4,0.0,50.6,25.0,808.0,34.0,15.9,82.0,134
2025-01-04 20:00:00+05:00,36.0,26.86,24.1,0.0,47.0,23.6,904.0,43.9,14.0,55.0,122
2025-01-04 21:00:00+05:00,35.0,28.39,24.1,0.0,44.9,23.3,810.0,54.2,15.3,38.0,99
2025-01-04 22:00:00+05:00,34.2,32.16,18.4,0.0,48.4,26.5,617.0,64.1,18.1,27.0,76
2025-01-04 23:00:00+05:00,32.0,38.2,22.3,0.0,58.4,34.2,473.0,67.9,19.7,22.0,77
2025-01-05 00:00:00+05:00,29.0,48.34,18.4,0.0,48.7,30.5,446.0,60.4,18.7,27.0,78
2025-01-05 01:00:00+05:00,28.2,51.29,8.6,0.0,43.8,25.7,467.0,46.7,16.5,38.0,79
2025-01-05 02:00:00+05:00,27.0,57.86,3.6,0.0,41.8,24.1,474.0,36.3,15.1,45.0,80
2025-01-05 03:00:00+05:00,26.0,57.62,9.4,0.0,42.8,24.2,403.0,32.3,14.9,44.0,81
2025-01-05 04:00:00+05:00,25.4,65.39,8.6,0.0,46.0,25.4,319.0,31.5,15.3,40.0,82
2025-01-05 05:00:00+05:00,29.0,58.34,20.5,0.0,19.7,13.2,185.0,6.4,6.5,74.0,56
2025-01-05 06:00:00+05:00,29.0,58.34,16.6,0.0,20.3,13.2,261.0,8.8,7.0,73.0,56
2025-01-05 07:00:00+05:00,29.2,63.01,14.8,0.0,21.8,14.5,360.0,11.9,7.7,72.0,56
2025-01-05 08:00:00+05:00,29.0,65.97,11.2,0.0,24.9,16.4,414.0,13.3,8.5,75.0,56
2025-01-05 09:00:00+05:00,28.0,69.91,14.8,0.0,27.7,16.9,378.0,11.4,9.7,87.0,56
2025-01-05 10:00:00+05:00,28.0,76.64,8.6,0.0,30.6,17.2,297.0,7.8,11.1,102.0,56
2025-01-05 11:00:00+05:00,27.0,83.67,11.2,0.0,33.1,17.3,235.0,5.0,11.8,113.0,56
2025-01-05 12:00:00+05:00,28.0,78.91,18.4,0.0,32.1,16.7,219.0,3.9,11.4,115.0,56
2025-01-05 13:00:00+05:00,29.2,74.5,14.4,0.0,29.8,15.8,222.0,3.5,10.3,112.0,56
2025-01-05 14:00:00+05:00,31.0,66.37,20.5,0.0,27.6,15.1,232.0,3.8,9.5,107.0,56
2025-01-05 15:00:00+05:00,33.0,75.1,24.1,0.0,26.2,14.8,244.0,4.6,9.3,102.0,56
2025-01-05 16:00:00+05:00,33.6,53.0,26.7,0.0,25.6,14.7,261.0,6.0,9.4,95.0,56
2025-01-05 17:00:00+05:00,34.0,46.69,31.7,0.0,24.6,15.1,286.0,8.4,10.8,90.0,56
2025-01-05 18:00:00+05:00,36.0,39.29,29.5,0.0,24.7,15.8,326.0,11.4,10.5,82.0,56
2025-01-05 19:00:00+05:00,35.6,43.0,32.7,0.0,24.2,16.8,372.0,15.5,10.0,70.0,57
2025-01-05 20:00:00+05:00,35.0,41.52,35.3,0.0,25.3,16.8,400.0,18.2,9.6,62.0,57
2025-01-05 21:00:00+05:00,34.0,46.69,40.7,0.0,26.1,17.1,401.0,18.6,9.5,59.0,57
2025-01-05 22:00:00+05:00,33.0,50.73,27.5,0.0,27.4,17.8,383.0,17.6,9.4,59.0,57
2025-01-05 23:00:00+05:00,32.0,52.25,20.5,0.0,27.9,18.1,352.0,15.9,9.1,60.0,58
2025-01-06 00:00:00+05:00,31.0,58.8,16.6,0.0,27.4,17.4,297.0,13.1,8.3,63.0,58
2025-01-06 01:00:00+05:00,30.0,64.56,13.7,0.0,25.8,16.1,228.0,9.4,7.2,68.0,58
2025-01-06 02:00:00+05:00,30.0,58.57,16.6,0.0,24.5,15.1,179.0,6.7,6.4,71.0,58
2025-01-06 03:00:00+05:00,30.0,58.57,18.4,0.0,23.7,14.4,160.0,5.4,6.0,72.0,58
2025-01-06 04:00:00+05:00,29.4,66.85,16.9,0.0,23.1,14.1,161.0,4.9,5.8,71.0,58
2025-01-06 05:00:00+05:00,30.0,79.19,18.4,0.0,33.2,16.0,177.0,3.9,5.5,67.0,98
2025-01-06 06:00:00+05:00,30.0,79.19,16.6,0.0,32.4,16.0,244.0,5.9,6.3,66.0,98
2025-01-06 07:00:00+05:00,30.0,84.59,18.4,0.0,36.8,17.6,332.0,8.6,7.5,66.0,97
2025-01-06 08:00:00+05:00,30.0,84.0,25.9,0.0,68.0,22.7,383.0,10.1,9.0,71.0,97
2025-01-06 09:00:00+05:00,30.0,84.0,20.5,0.0,129.5,31.9,361.0,9.3,11.3,88.0,97
2025-01-06 10:00:00+05:00,30.0,84.59,11.9,0.0,209.5,44.2,303.0,7.4,13.8,111.0,97
2025-01-06 11:00:00+05:00,30.0,79.19,14.8,0.0,286.8,56.2,256.0,5.8,15.4,127.0,97
2025-01-06 12:00:00+05:00,30.0,79.19,20.5,0.0,322.2,63.3,238.0,4.9,15.2,132.0,97
2025-01-06 13:00:00+05:00,31.0,78.96,18.2,0.0,331.6,68.7,231.0,4.3,14.1,131.0,97
2025-01-06 14:00:00+05:00,32.0,74.94,22.3,0.0,334.3,73.3,236.0,4.4,12.8,126.0,97
2025-01-06 15:00:00+05:00,33.0,59.26,20.5,0.0,314.8,73.6,255.0,5.4,11.5,117.0,97
2025-01-06 16:00:00+05:00,34.2,58.53,19.7,0.0,267.3,66.4,286.0,7.1,10.0,105.0,97
2025-01-06 17:00:00+05:00,35.0,53.0,22.3,0.0,208.6,52.4,320.0,10.5,9.3,89.0,98
2025-01-06 18:00:00+05:00,37.0,39.56,25.9,0.0,154.6,40.2,361.0,14.8,9.2,78.0,99
2025-01-06 19:00:00+05:00,36.8,41.25,32.7,0.0,118.5,32.5,405.0,20.6,9.0,63.0,99
2025-01-06 20:00:00+05:00,37.0,37.2,29.5,0.0,101.5,29.7,431.0,23.9,8.9,52.0,100
2025-01-06 21:00:00+05:00,37.0,32.83,29.5,0.0,93.6,28.1,433.0,22.7,9.0,49.0,101
2025-01-06 22:00:00+05:00,36.8,32.57,27.5,0.0,79.9,25.9,418.0,19.2,9.2,51.0,101
2025-01-06 23:00:00+05:00,34.0,46.69,29.5,0.0,65.7,23.5,384.0,15.5,9.1,53.0,102
2025-01-07 00:00:00+05:00,33.0,55.79,27.7,0.0,56.5,21.5,316.0,12.2,8.3,55.0,102
2025-01-07 01:00:00+05:00,32.0,61.92,16.9,0.0,50.5,19.9,229.0,8.7,7.2,59.0,102
2025-01-07 02:00:00+05:00,32.0,59.03,18.4,0.0,50.9,19.4,167.0,6.2,6.4,62.0,102
2025-01-07 03:00:00+05:00,31.0,70.47,16.6,0.0,56.8,20.2,144.0,4.9,6.0,65.0,103
2025-01-07 04:00:00+05:00,30.8,76.17,11.9,0.0,65.9,21.8,146.0,4.5,5.8,67.0,103
2025-02-04 05:00:00+05:00,26.0,57.62,5.4,0.0,50.3,30.3,353.0,39.2,17.2,27.0,82
2025-02-04 06:00:00+05:00,25.0,57.38,5.4,0.0,53.8,32.9,645.0,45.9,20.0,20.0,84
2025-02-04 07:00:00+05:00,23.4,64.48,6.0,0.0,61.9,40.7,1056.0,54.6,24.0,12.0,85
2025-02-04 08:00:00+05:00,22.0,78.06,7.6,0.0,72.9,56.8,1303.0,57.4,27.9,20.0,87
2025-02-04 09:00:00+05:00,20.0,88.27,9.4,0.0,61.0,38.0,1231.0,48.9,32.0,58.0,89
2025-02-04 10:00:00+05:00,20.6,82.53,6.0,0.0,56.2,30.3,995.0,34.5,35.9,112.0,90
2025-02-04 11:00:00+05:00,19.0,88.18,9.4,0.0,50.8,26.5,777.0,22.3,37.7,153.0,90
2025-02-04 12:00:00+05:00,19.0,88.18,9.4,0.0,43.9,22.4,625.0,14.9,35.8,171.0,90
2025-02-04 13:00:00+05:00,23.2,70.86,4.6,0.0,37.8,18.9,491.0,9.9,31.8,177.0,89
2025-02-04 14:00:00+05:00,25.0,53.82,7.6,0.0,34.5,16.9,413.0,7.5,27.7,175.0,87
2025-02-04 15:00:00+05:00,30.0,25.27,7.6,0.0,32.9,16.4,411.0,8.2,24.2,167.0,86
2025-02-04 16:00:00+05:00,34.0,17.96,6.3,0.0,31.8,15.9,465.0,11.6,20.6,152.0,86
2025-02-04 17:00:00+05:00,36.0,11.87,7.6,0.0,20.8,13.6,552.0,17.0,19.4,137.0,114
2025-02-04 18:00:00+05:00,38.0,9.91,11.2,0.0,24.7,16.1,702.0,27.1,18.0,111.0,131
2025-02-04 19:00:00+05:00,38.0,9.01,15.8,0.0,29.6,19.8,886.0,40.9,15.9,76.0,131
2025-02-04 20:00:00+05:00,36.0,15.72,22.3,0.0,35.0,21.9,992.0,50.2,14.3,50.0,115
2025-02-04 21:00:00+05:00,36.0,18.04,20.5,0.0,39.9,22.8,957.0,51.3,13.5,41.0,89
2025-02-04 22:00:00+05:00,35.0,16.62,20.8,0.0,45.2,24.0,844.0,47.9,13.0,41.0,80
2025-02-04 23:00:00+05:00,32.0,27.58,22.3,0.0,50.6,25.7,729.0,43.4,12.5,43.0,80
2025-02-05 00:00:00+05:00,29.0,48.34,18.4,0.0,53.8,26.7,627.0,37.9,11.6,46.0,79
2025-02-05 01:00:00+05:00,27.2,67.39,12.2,0.0,50.8,25.6,523.0,31.3,10.6,50.0,79
2025-02-05 02:00:00+05:00,27.0,69.73,9.4,0.0,45.6,23.6,445.0,26.3,10.1,53.0,79
2025-02-05 03:00:00+05:00,26.0,78.63,5.4,0.0,39.9,21.7,377.0,23.1,10.0,52.0,79
2025-02-05 04:00:00+05:00,25.6,83.72,6.3,0.0,37.7,20.6,335.0,21.6,10.4,48.0,79
2025-02-05 05:00:00+05:00,29.0,70.1,13.0,0.0,19.0,13.6,182.0,5.8,5.7,70.0,58
2025-02-05 06:00:00+05:00,29.0,70.1,13.0,0.0,20.7,13.9,243.0,8.1,7.0,69.0,58
2025-02-05 07:00:00+05:00,29.2,71.83,6.3,0.0,22.5,15.6,324.0,11.2,8.9,67.0,58
2025-02-05 08:00:00+05:00,28.0,65.76,9.4,0.0,26.1,17.6,369.0,12.7,10.4,70.0,58
2025-02-05 09:00:00+05:00,29.0,54.82,9.4,0.0,28.9,18.0,341.0,10.9,11.4,81.0,58
2025-02-05 10:00:00+05:00,28.0,68.7,6.3,0.0,32.4,18.2,276.0,7.5,12.1,96.0,59
2025-02-05 11:00:00+05:00,27.0,74.13,0.0,0.0,35.9,18.2,228.0,4.9,12.3,107.0,59
2025-02-05 12:00:00+05:00,28.0,69.91,11.2,0.0,35.4,17.7,216.0,3.8,11.7,110.0,59
2025-02-05 13:00:00+05:00,30.0,62.27,14.8,0.0,32.1,16.8,220.0,3.5,10.6,108.0,59
2025-02-05 14:00:00+05:00,32.0,55.55,24.1,0.0,29.8,16.1,231.0,3.8,9.8,104.0,59
2025-02-05 15:00:00+05:00,33.0,49.39,20.5,0.0,28.0,15.7,249.0,4.8,9.7,99.0,59
2025-02-05 16:00:00+05:00,33.8,52.05,22.3,0.0,27.4,15.4,275.0,6.5,9.9,92.0,59
2025-02-05 17:00:00+05:00,35.0,44.17,24.1,0.0,26.0,15.8,297.0,8.9,11.3,86.0,59
2025-02-05 18:00:00+05:00,35.0,44.17,22.3,0.0,26.9,16.6,311.0,13.8,11.5,76.0,59
2025-02-05 19:00:00+05:00,34.8,47.79,22.3,0.0,27.1,17.8,322.0,20.4,11.8,62.0,59
2025-02-05 20:00:00+05:00,34.0,49.64,24.1,0.0,29.0,18.9,332.0,24.4,11.7,52.0,59
2025-02-05 21:00:00+05:00,33.0,52.5,29.5,0.0,29.3,18.3,348.0,23.3,11.0,52.0,60
2025-02-05 22:00:00+05:00,32.2,60.95,29.1,0.0,28.2,17.5,363.0,19.5,10.0,56.0,60
2025-02-05 23:00:00+05:00,31.0,62.49,27.7,0.0,27.3,17.1,356.0,16.2,9.2,59.0,60
2025-02-06 00:00:00+05:00,30.0,66.17,20.5,0.0,26.7,16.9,306.0,14.4,8.7,59.0,60
2025-02-06 01:00:00+05:00,29.4,74.7,15.8,0.0,26.0,16.4,233.0,13.1,8.3,59.0,60
2025-02-06 02:00:00+05:00,29.0,65.97,18.4,0.0,25.1,15.7,181.0,11.8,8.1,59.0,60
2025-02-06 03:00:00+05:00,29.0,74.46,11.2,0.0,24.2,14.7,161.0,10.1,7.9,60.0,60
2025-02-06 04:00:00+05:00,29.0,79.99,13.7,0.0,23.7,13.8,162.0,8.6,7.8,61.0,60
2025-02-06 05:00:00+05:00,31.0,74.78,14.8,0.0,79.2,22.7,169.0,4.9,5.9,66.0,103
2025-02-06 06:00:00+05:00,31.0,74.78,18.4,0.0,84.1,25.0,230.0,6.9,6.9,66.0,104
2025-02-06 07:00:00+05:00,30.2,80.34,21.5,0.0,107.8,29.5,312.0,9.5,8.4,66.0,105
2025-02-06 08:00:00+05:00,30.0,84.0,13.0,0.0,173.7,38.8,359.0,10.9,10.1,72.0,106
2025-02-06 09:00:00+05:00,30.0,84.0,24.1,0.0,268.2,52.0,335.0,9.7,12.4,88.0,108
2025-02-06 10:00:00+05:00,30.2,83.25,15.5,0.0,331.6,63.1,276.0,7.3,14.9,109.0,110
2025-02-06 11:00:00+05:00,30.0,84.0,14.8,0.0,366.9,70.3,233.0,5.3,16.5,124.0,112
2025-02-06 12:00:00+05:00,30.0,84.0,18.4,0.0,372.5,73.1,225.0,4.4,16.3,129.0,114
2025-02-06 13:00:00+05:00,31.0,76.2,13.7,0.0,362.3,72.9,232.0,4.0,15.2,128.0,115
2025-02-06 14:00:00+05:00,32.0,66.57,16.6,0.0,360.4,72.9,245.0,4.1,14.0,124.0,115
2025-02-06 15:00:00+05:00,34.0,59.49,22.3,0.0,341.8,71.0,266.0,4.8,12.9,117.0,115
2025-02-06 16:00:00+05:00,34.8,56.59,22.9,0.0,314.8,67.1,293.0,6.1,11.8,107.0,115
2025-02-06 17:00:00+05:00,35.0,53.0,25.9,0.0,289.6,61.2,309.0,8.2,11.1,92.0,115
2025-02-06 18:00:00+05:00,36.0,50.15,24.1,0.0,228.6,52.4,306.0,11.9,10.6,82.0,116
2025-02-06 19:00:00+05:00,36.0,52.1,22.9,0.0,157.9,41.7,291.0,16.8,10.0,68.0,117
2025-02-06 20:00:00+05:00,36.0,50.15,33.5,0.0,120.1,35.3,275.0,19.6,9.3,59.0,118
2025-02-06 21:00:00+05:00,35.0,46.96,33.5,0.0,103.6,31.9,260.0,18.3,8.7,58.0,118
2025-02-06 22:00:00+05:00,34.2,58.53,29.1,0.0,92.0,29.4,243.0,14.8,8.2,62.0,119
2025-02-06 23:00:00+05:00,33.0,55.79,29.5,0.0,80.1,27.1,225.0,11.5,7.7,65.0,119
2025-02-07 00:00:00+05:00,32.0,62.7,27.7,0.0,73.1,25.6,202.0,9.1,7.2,66.0,120
2025-02-07 01:00:00+05:00,31.0,73.52,22.3,0.0,69.8,24.8,177.0,7.0,6.8,66.0,120
2025-02-07 02:00:00+05:00,31.0,70.47,22.3,0.0,70.5,24.4,159.0,5.5,6.5,66.0,121
2025-02-07 03:00:00+05:00,31.0,70.47,22.3,0.0,75.7,24.6,148.0,4.8,6.3,66.0,121
2025-02-07 04:00:00+05:00,30.8,72.63,15.5,0.0,77.8,24.5,143.0,4.6,6.2,66.0,122
2025-03-04 05:00:00+05:00,25.0,83.45,3.6,0.0,55.2,26.5,391.0,23.4,12.5,49.0,78
2025-03-04 06:00:00+05:00,24.0,83.33,5.4,0.0,55.9,28.8,660.0,34.7,15.3,39.0,78
2025-03-04 07:00:00+05:00,23.4,84.91,2.2,0.0,64.3,36.9,1027.0,49.8,19.2,27.0,78
2025-03-04 08:00:00+05:00,22.0,88.43,7.6,0.0,60.8,44.9,1215.0,56.9,22.5,29.0,77
2025-03-04 09:00:00+05:00,21.0,88.35,3.6,0.0,47.3,31.2,1049.0,48.6,24.9,59.0,76
2025-03-04 10:00:00+05:00,21.8,89.51,3.6,0.0,38.1,25.5,704.0,32.4,26.7,104.0,76
2025-03-04 11:00:00+05:00,21.0,88.35,3.6,0.0,31.8,21.4,436.0,19.1,27.2,140.0,75
2025-03-04 12:00:00+05:00,20.0,88.27,7.6,0.0,27.1,17.8,348.0,12.7,25.8,158.0,75
2025-03-04 13:00:00+05:00,23.4,88.12,2.2,0.0,24.7,16.0,337.0,9.2,23.2,168.0,74
2025-03-04 14:00:00+05:00,27.0,69.73,5.4,0.0,23.0,14.4,341.0,7.7,20.7,169.0,74
2025-03-04 15:00:00+05:00,31.0,45.9,11.2,0.0,23.8,13.9,334.0,7.6,18.5,161.0,74
2025-03-04 16:00:00+05:00,32.8,36.27,8.6,0.0,27.2,14.7,343.0,9.4,16.4,144.0,77
2025-03-04 17:00:00+05:00,35.0,30.28,14.8,0.0,22.2,12.8,389.0,13.8,14.0,120.0,101
2025-03-04 18:00:00+05:00,35.0,26.6,14.8,0.0,25.1,14.9,516.0,21.8,13.4,102.0,114
2025-03-04 19:00:00+05:00,35.0,32.11,15.8,0.0,28.3,18.0,681.0,32.9,12.7,76.0,114
2025-03-04 20:00:00+05:00,34.0,36.38,18.4,0.0,29.9,20.4,774.0,41.4,12.2,57.0,100
2025-03-04 21:00:00+05:00,34.0,38.75,20.5,0.0,29.2,21.5,734.0,45.4,12.4,49.0,79
2025-03-04 22:00:00+05:00,32.2,45.74,14.8,0.0,27.5,21.6,621.0,46.8,12.9,47.0,73
2025-03-04 23:00:00+05:00,31.0,45.9,22.3,0.0,26.0,21.7,509.0,45.5,13.0,48.0,73
2025-03-05 00:00:00+05:00,29.0,58.34,16.6,0.0,24.0,20.8,414.0,40.0,12.1,53.0,72
2025-03-05 01:00:00+05:00,28.2,67.58,7.6,0.0,20.7,18.0,321.0,31.9,10.8,60.0,72
2025-03-05 02:00:00+05:00,27.0,69.73,9.4,0.0,17.6,15.4,252.0,25.1,9.9,66.0,71
2025-03-05 03:00:00+05:00,27.0,74.13,11.2,0.0,16.0,14.0,184.0,20.4,9.5,69.0,71
2025-03-05 04:00:00+05:00,26.2,79.24,6.0,0.0,15.7,13.5,140.0,17.0,9.5,70.0,70
2025-03-05 05:00:00+05:00,29.0,79.05,18.4,0.0,25.0,14.5,187.0,10.2,8.7,59.0,60
2025-03-05 06:00:00+05:00,29.0,79.05,13.0,0.0,24.7,14.1,262.0,12.1,9.4,61.0,60
2025-03-05 07:00:00+05:00,29.0,75.89,10.1,0.0,26.3,15.8,362.0,14.5,10.5,64.0,60
2025-03-05 08:00:00+05:00,29.0,65.97,16.6,0.0,32.2,17.6,419.0,15.4,11.8,72.0,60
2025-03-05 09:00:00+05:00,29.0,70.1,11.2,0.0,35.9,18.6,389.0,13.2,13.6,91.0,60
2025-03-05 10:00:00+05:00,28.2,79.89,14.4,0.0,41.9,19.9,316.0,9.3,15.5,116.0,60
2025-03-05 11:00:00+05:00,28.0,78.91,9.4,0.0,47.0,21.5,260.0,6.3,16.6,133.0,60
2025-03-05 12:00:00+05:00,28.0,78.91,7.6,0.0,46.4,21.5,245.0,4.9,16.0,138.0,60
2025-03-05 13:00:00+05:00,30.0,72.15,11.2,0.0,43.0,20.3,248.0,4.3,14.6,136.0,61
2025-03-05 14:00:00+05:00,32.0,55.55,9.4,0.0,36.9,18.4,255.0,4.6,13.4,130.0,61
2025-03-05 15:00:00+05:00,34.0,49.64,5.4,0.0,31.9,16.7,263.0,5.7,12.9,121.0,61
2025-03-05 16:00:00+05:00,33.8,55.03,13.7,0.0,29.8,15.9,275.0,7.6,12.7,109.0,66
2025-03-05 17:00:00+05:00,36.0,44.43,9.4,0.0,24.6,13.2,293.0,10.3,12.3,99.0,74
2025-03-05 18:00:00+05:00,37.0,37.2,18.4,0.0,24.6,14.1,316.0,18.5,12.6,82.0,75
2025-03-05 19:00:00+05:00,37.4,38.46,20.8,0.0,27.1,16.6,344.0,29.6,12.9,59.0,68
2025-03-05 20:00:00+05:00,37.0,39.56,22.3,0.0,31.4,19.7,379.0,36.8,13.0,43.0,61
2025-03-05 21:00:00+05:00,35.0,46.96,25.9,0.0,33.2,20.7,436.0,36.6,12.8,40.0,61
2025-03-05 22:00:00+05:00,33.0,53.88,21.8,0.0,32.8,20.2,500.0,32.4,12.4,44.0,61
2025-03-05 23:00:00+05:00,32.0,52.25,18.4,0.0,31.0,19.2,530.0,27.9,11.8,48.0,61
2025-03-06 00:00:00+05:00,31.0,58.8,13.0,0.0,29.6,18.1,500.0,23.8,10.6,51.0,61
2025-03-06 01:00:00+05:00,31.0,55.01,11.2,0.0,28.6,16.9,435.0,19.3,9.2,54.0,61
2025-03-06 02:00:00+05:00,31.0,48.87,9.4,0.0,28.9,16.5,370.0,15.7,8.2,57.0,61
2025-03-06 03:00:00+05:00,31.0,58.8,14.8,0.0,29.9,16.5,302.0,13.2,7.9,59.0,62
2025-03-06 04:00:00+05:00,29.8,70.7,12.2,0.0,29.5,15.8,234.0,11.5,7.9,60.0,62
2025-03-06 05:00:00+05:00,30.0,74.62,18.4,0.0,77.8,24.6,156.0,4.6,6.1,68.0,122
2025-03-06 06:00:00+05:00,30.0,74.62,18.4,0.0,72.2,23.7,203.0,5.7,6.7,69.0,122
2025-03-06 07:00:00+05:00,30.0,74.62,22.3,0.0,74.5,24.5,266.0,7.1,7.6,72.0,122
2025-03-06 08:00:00+05:00,29.0,74.46,22.3,0.0,92.0,26.7,304.0,7.7,8.4,76.0,121
2025-03-06 09:00:00+05:00,29.0,74.46,22.3,0.0,102.2,28.0,290.0,6.6,9.1,84.0,120
2025-03-06 10:00:00+05:00,29.2,77.18,18.2,0.0,105.9,28.4,251.0,4.7,9.7,95.0,118
2025-03-06 11:00:00+05:00,29.0,79.05,14.8,0.0,104.8,28.3,222.0,3.2,10.2,103.0,114
2025-03-06 12:00:00+05:00,30.0,74.62,18.4,0.0,101.7,28.1,215.0,2.7,10.5,107.0,110
2025-03-06 13:00:00+05:00,30.4,73.47,19.3,0.0,101.7,28.5,218.0,2.7,10.6,109.0,105
2025-03-06 14:00:00+05:00,32.0,62.7,22.3,0.0,103.6,29.4,229.0,3.1,10.8,110.0,100
2025-03-06 15:00:00+05:00,32.0,62.7,20.5,0.0,103.1,29.9,253.0,3.8,11.3,110.0,96
2025-03-06 16:00:00+05:00,33.0,62.29,22.3,0.0,100.8,30.2,286.0,4.9,11.8,108.0,93
2025-03-06 17:00:00+05:00,33.0,55.79,29.5,0.0,137.4,39.1,311.0,6.9,12.4,100.0,89
2025-03-06 18:00:00+05:00,34.0,52.75,33.5,0.0,119.7,38.1,322.0,11.4,12.1,90.0,88
2025-03-06 19:00:00+05:00,34.0,56.13,29.1,0.0,98.3,36.8,325.0,17.4,11.7,76.0,86
2025-03-06 20:00:00+05:00,34.0,52.75,27.7,0.0,83.8,36.6,322.0,21.1,11.2,67.0,86
2025-03-06 21:00:00+05:00,33.0,59.26,27.7,0.0,78.2,36.3,315.0,20.3,10.5,67.0,86
2025-03-06 22:00:00+05:00,33.0,63.32,25.9,0.0,70.5,35.4,302.0,17.1,9.8,72.0,86
2025-03-06 23:00:00+05:00,32.0,66.57,29.5,0.0,65.4,34.2,282.0,14.1,9.1,75.0,87
2025-03-07 00:00:00+05:00,32.0,66.57,29.5,0.0,64.5,32.8,249.0,11.8,8.6,75.0,87
2025-03-07 01:00:00+05:00,31.0,73.52,18.4,0.0,69.6,32.1,209.0,9.7,8.2,73.0,88
2025-03-07 02:00:00+05:00,31.0,70.47,14.8,0.0,75.0,31.7,178.0,8.2,8.0,71.0,89
2025-03-07 03:00:00+05:00,31.0,70.47,22.3,0.0,77.3,31.1,161.0,7.6,8.1,69.0,89
2025-03-07 04:00:00+05:00,30.0,77.3,16.9,0.0,77.1,30.2,154.0,7.6,8.5,66.0,90
2025-04-04 05:00:00+05:00,25.0,78.49,7.6,0.0,17.8,12.0,219.0,14.7,9.1,72.0,69
2025-04-04 06:00:00+05:00,25.0,73.79,11.2,0.0,18.3,13.0,536.0,24.5,10.9,61.0,68
2025-04-04 07:00:00+05:00,25.4,69.09,9.7,0.0,24.0,18.8,975.0,37.5,13.4,48.0,67
2025-04-04 08:00:00+05:00,25.0,69.35,9.4,0.0,28.0,23.9,1288.0,44.6,16.0,48.0,65
2025-04-04 09:00:00+05:00,24.0,64.92,5.4,0.0,27.9,21.5,1367.0,40.1,18.5,72.0,63
2025-04-04 10:00:00+05:00,23.4,74.08,3.3,0.0,33.4,20.4,1320.0,29.5,21.2,110.0,62
2025-04-04 11:00:00+05:00,21.0,77.91,11.2,0.0,46.3,22.9,1221.0,20.4,23.5,145.0,62
2025-04-04 12:00:00+05:00,21.0,77.91,7.6,0.0,55.3,25.0,1068.0,14.9,26.0,175.0,62
2025-04-04 13:00:00+05:00,24.6,71.59,4.7,0.0,56.5,25.5,864.0,10.8,28.3,202.0,63
2025-04-04 14:00:00+05:00,29.0,28.65,9.4,0.0,50.1,24.2,691.0,9.1,28.5,213.0,63
2025-04-04 15:00:00+05:00,33.0,21.31,9.4,0.0,42.5,22.5,577.0,10.4,25.1,198.0,82
2025-04-04 16:00:00+05:00,35.0,18.7,14.8,0.0,36.8,19.2,496.0,14.0,19.8,167.0,114
2025-04-04 17:00:00+05:00,37.0,14.89,13.0,0.0,31.3,19.7,448.0,19.0,19.9,151.0,139
2025-04-04 18:00:00+05:00,38.0,14.1,9.4,0.0,28.2,19.0,446.0,25.7,17.7,122.0,154
2025-04-04 19:00:00+05:00,38.4,16.97,8.6,0.0,25.1,18.9,477.0,34.8,14.6,83.0,156
2025-04-04 20:00:00+05:00,37.0,25.43,14.8,0.0,22.0,17.1,509.0,40.6,12.2,54.0,145
2025-04-04 21:00:00+05:00,36.0,28.66,16.6,0.0,20.9,16.2,542.0,40.2,11.4,46.0,120
2025-04-04 22:00:00+05:00,35.0,32.11,18.4,0.0,20.2,15.8,576.0,36.5,11.4,48.0,86
2025-04-04 23:00:00+05:00,33.0,33.86,14.8,0.0,19.5,15.8,575.0,32.0,11.1,52.0,65
2025-04-05 00:00:00+05:00,31.0,43.09,16.6,0.0,17.9,15.0,512.0,26.9,10.1,56.0,65
2025-04-05 01:00:00+05:00,29.2,50.0,11.9,0.0,15.3,13.1,414.0,21.0,8.8,61.0,64
2025-04-05 02:00:00+05:00,28.0,51.23,5.4,0.0,12.8,11.0,329.0,16.2,7.9,66.0,64
2025-04-05 03:00:00+05:00,28.0,42.27,5.4,0.0,10.7,9.2,254.0,12.2,7.4,70.0,63
2025-04-05 04:00:00+05:00,27.4,53.44,4.7,0.0,9.4,8.0,192.0,9.3,7.1,73.0,63
2025-04-05 05:00:00+05:00,29.0,74.46,13.0,0.0,25.6,15.1,207.0,9.3,7.6,68.0,62
2025-04-05 06:00:00+05:00,29.0,74.46,16.6,0.0,27.2,15.7,264.0,11.4,8.4,75.0,62
2025-04-05 07:00:00+05:00,28.4,75.79,11.2,0.0,28.9,17.8,362.0,14.2,9.6,85.0,62
2025-04-05 08:00:00+05:00,28.0,74.29,13.0,0.0,31.9,20.2,419.0,15.2,10.7,95.0,62
2025-04-05 09:00:00+05:00,28.0,69.91,14.8,0.0,31.8,20.0,386.0,12.8,11.9,105.0,63
2025-04-05 10:00:00+05:00,28.4,73.08,16.9,0.0,29.7,18.4,311.0,8.6,13.0,114.0,63
2025-04-05 11:00:00+05:00,29.0,70.1,11.2,0.0,28.1,17.0,255.0,5.3,13.5,120.0,62
2025-04-05 12:00:00+05:00,28.0,74.29,13.0,0.0,28.8,16.2,242.0,3.9,12.7,120.0,62
2025-04-05 13:00:00+05:00,29.8,69.37,11.9,0.0,30.5,17.0,247.0,3.5,11.3,117.0,62
2025-04-05 14:00:00+05:00,31.0,55.31,7.6,0.0,32.1,18.1,261.0,3.7,10.3,113.0,61
2025-04-05 15:00:00+05:00,32.0,52.25,14.8,0.0,32.5,18.5,282.0,4.1,10.2,109.0,61
2025-04-05 16:00:00+05:00,32.6,56.78,16.9,0.0,31.3,18.4,311.0,5.2,10.6,105.0,61
2025-04-05 17:00:00+05:00,33.0,52.5,27.7,0.0,38.1,22.2,340.0,7.8,12.8,100.0,62
2025-04-05 18:00:00+05:00,34.0,49.64,27.7,0.0,36.7,22.3,362.0,14.4,13.3,87.0,62
2025-04-05 19:00:00+05:00,34.0,54.12,27.0,0.0,32.8,22.1,383.0,23.4,14.0,69.0,63
2025-04-05 20:00:00+05:00,33.0,52.5,31.7,0.0,31.2,22.9,412.0,29.4,14.3,56.0,64
2025-04-05 21:00:00+05:00,33.0,55.79,33.5,0.0,30.5,21.7,469.0,29.9,13.8,52.0,64
2025-04-05 22:00:00+05:00,32.0,61.92,24.5,0.0,31.7,21.0,532.0,27.5,12.8,53.0,64
2025-04-05 23:00:00+05:00,31.0,62.49,29.5,0.0,35.3,21.4,549.0,24.4,11.7,55.0,64
2025-04-06 00:00:00+05:00,30.0,70.28,31.7,0.0,39.8,21.7,475.0,20.8,10.5,58.0,64
2025-04-06 01:00:00+05:00,30.0,72.15,27.0,0.0,43.1,20.8,354.0,16.5,9.3,63.0,65
2025-04-06 02:00:00+05:00,30.0,70.28,22.3,0.0,45.2,19.5,262.0,13.0,8.3,66.0,65
2025-04-06 03:00:00+05:00,29.0,74.46,22.3,0.0,46.3,18.6,212.0,10.6,7.7,67.0,65
2025-04-06 04:00:00+05:00,29.0,78.69,15.5,0.0,48.0,18.3,191.0,9.1,7.3,68.0,65
2025-04-06 05:00:00+05:00,30.0,74.62,16.6,0.0,80.1,28.6,161.0,6.8,7.8,68.0,90
2025-04-06 06:00:00+05:00,30.0,74.62,18.4,0.0,79.2,28.6,197.0,7.5,9.1,71.0,91
2025-04-06 07:00:00+05:00,30.0,77.3,13.3,0.0,93.4,30.7,248.0,8.5,10.9,75.0,91
2025-04-06 08:00:00+05:00,30.0,74.62,13.0,0.0,103.6,31.4,277.0,8.7,12.4,81.0,92
2025-04-06 09:00:00+05:00,30.0,74.62,14.8,0.0,110.6,32.4,263.0,7.4,13.5,91.0,92
2025-04-06 10:00:00+05:00,30.0,76.04,14.4,0.0,108.3,32.7,228.0,5.3,14.3,102.0,93
2025-04-06 11:00:00+05:00,29.0,74.46,20.5,0.0,106.6,32.7,202.0,3.7,14.6,110.0,93
2025-04-06 12:00:00+05:00,30.0,70.28,20.5,0.0,101.7,31.8,197.0,3.0,13.9,112.0,93
2025-04-06 13:00:00+05:00,31.0,68.45,18.2,0.0,98.7,30.5,200.0,2.8,12.7,109.0,94
2025-04-06 14:00:00+05:00,32.0,55.55,27.7,0.0,95.5,28.9,208.0,3.0,11.7,105.0,94
2025-04-06 15:00:00+05:00,33.0,52.5,22.3,0.0,88.0,26.8,223.0,3.4,11.4,98.0,94
2025-04-06 16:00:00+05:00,33.2,53.84,19.7,0.0,81.3,24.9,241.0,4.1,11.3,90.0,94
2025-04-06 17:00:00+05:00,34.0,49.64,27.7,0.0,99.4,28.8,252.0,6.0,12.2,83.0,93
2025-04-06 18:00:00+05:00,35.0,46.96,22.3,0.0,91.0,27.4,246.0,9.6,12.2,72.0,92
2025-04-06 19:00:00+05:00,35.0,49.87,26.7,0.0,78.5,25.7,232.0,14.6,12.2,56.0,91
2025-04-06 20:00:00+05:00,35.0,46.96,31.7,0.0,64.0,25.3,222.0,17.9,12.1,45.0,90
2025-04-06 21:00:00+05:00,35.0,46.96,29.5,0.0,60.8,25.6,223.0,18.3,11.8,41.0,89
2025-04-06 22:00:00+05:00,33.4,54.93,26.4,0.0,58.8,25.5,228.0,17.1,11.3,42.0,88
2025-04-06 23:00:00+05:00,33.0,52.5,24.1,0.0,57.9,24.6,224.0,15.4,10.8,43.0,87
2025-04-07 00:00:00+05:00,33.0,55.79,18.4,0.0,58.9,23.9,202.0,13.2,10.1,45.0,87
2025-04-07 01:00:00+05:00,31.2,64.97,21.8,0.0,58.6,22.8,173.0,10.4,9.3,47.0,86
2025-04-07 02:00:00+05:00,31.0,62.49,18.4,0.0,60.8,22.1,151.0,8.5,8.8,49.0,85
2025-04-07 03:00:00+05:00,31.0,62.49,27.7,0.0,60.8,21.4,142.0,8.0,8.5,48.0,84
2025-04-07 04:00:00+05:00,30.2,68.3,17.9,0.0,60.3,21.0,141.0,8.4,8.4,47.0,83
2025-05-04 05:00:00+05:00,27.0,50.97,7.6,0.0,11.3,8.3,205.0,9.9,7.6,72.0,62
2025-05-04 06:00:00+05:00,26.0,50.71,7.6,0.0,10.9,8.8,373.0,16.8,8.9,66.0,62
2025-05-04 07:00:00+05:00,26.4,55.0,7.6,0.0,13.8,11.9,616.0,26.0,10.7,58.0,62
2025-05-04 08:00:00+05:00,26.0,47.54,7.6,0.0,17.1,15.5,750.0,30.9,12.5,59.0,61
2025-05-04 09:00:00+05:00,26.0,47.54,7.6,0.0,16.8,14.7,664.0,27.5,14.4,78.0,60
2025-05-04 10:00:00+05:00,25.8,53.94,6.0,0.0,16.8,13.7,469.0,19.8,16.2,107.0,60
2025-05-04 11:00:00+05:00,25.0,53.82,7.6,0.0,20.5,13.2,318.0,13.3,17.3,129.0,59
2025-05-04 12:00:00+05:00,24.0,57.14,5.4,0.0,22.9,12.7,270.0,9.7,17.1,140.0,58
2025-05-04 13:00:00+05:00,26.8,65.95,11.2,0.0,21.3,11.6,266.0,7.4,16.2,145.0,57
2025-05-04 14:00:00+05:00,29.0,54.82,9.4,0.0,19.7,10.9,277.0,6.6,15.1,145.0,56
2025-05-04 15:00:00+05:00,30.0,48.6,9.4,0.0,18.8,10.8,294.0,8.0,14.1,137.0,55
2025-05-04 16:00:00+05:00,32.4,38.29,10.1,0.0,17.8,10.6,326.0,11.0,13.0,124.0,66
2025-05-04 17:00:00+05:00,36.0,25.17,13.0,0.0,10.0,9.1,368.0,15.8,12.6,111.0,80
2025-05-04 18:00:00+05:00,38.0,24.08,13.0,0.0,11.1,10.2,437.0,20.6,11.7,98.0,87
2025-05-04 19:00:00+05:00,38.6,21.42,19.7,0.0,12.7,11.8,517.0,27.0,10.6,81.0,85
2025-05-04 20:00:00+05:00,39.0,14.31,27.7,0.0,12.3,11.2,552.0,30.3,9.5,69.0,75
2025-05-04 21:00:00+05:00,39.0,13.35,22.3,0.0,11.5,10.2,506.0,27.8,8.8,69.0,60
2025-05-04 22:00:00+05:00,37.6,15.97,20.4,0.0,10.9,9.5,415.0,22.3,8.3,75.0,49
2025-05-04 23:00:00+05:00,36.0,15.72,16.6,0.0,10.8,8.9,331.0,17.2,7.7,80.0,48
2025-05-05 00:00:00+05:00,33.0,33.86,18.4,0.0,10.7,8.3,267.0,13.5,6.9,83.0,47
2025-05-05 01:00:00+05:00,30.0,52.48,11.2,0.0,10.7,7.6,209.0,10.3,6.1,87.0,46
2025-05-05 02:00:00+05:00,29.0,48.34,9.4,0.0,10.5,7.0,172.0,7.8,5.5,89.0,45
2025-05-05 03:00:00+05:00,28.0,48.08,11.2,0.0,9.6,6.4,142.0,5.7,5.2,91.0,44
2025-05-05 04:00:00+05:00,27.6,60.15,9.3,0.0,8.5,5.9,131.0,4.4,5.2,92.0,44
2025-05-05 05:00:00+05:00,29.0,79.05,13.0,0.0,43.8,17.1,241.0,9.8,7.8,61.0,66
2025-05-05 06:00:00+05:00,29.0,74.46,9.4,0.0,39.6,16.4,428.0,11.6,9.1,59.0,66
2025-05-05 07:00:00+05:00,28.8,77.13,8.6,0.0,38.5,16.7,684.0,13.8,11.0,58.0,66
2025-05-05 08:00:00+05:00,29.0,74.46,7.6,0.0,37.4,17.1,851.0,14.6,13.2,62.0,66
2025-05-05 09:00:00+05:00,28.0,48.08,24.1,0.0,42.3,17.6,844.0,12.3,16.1,76.0,66
2025-05-05 10:00:00+05:00,28.2,42.95,16.2,0.0,46.4,19.4,747.0,8.6,19.2,96.0,65
2025-05-05 11:00:00+05:00,28.0,39.6,16.6,0.0,54.6,22.2,649.0,5.6,21.2,111.0,65
2025-05-05 12:00:00+05:00,28.0,39.6,11.2,0.0,68.5,24.8,572.0,4.1,20.9,120.0,66
2025-05-05 13:00:00+05:00,28.4,41.07,10.8,0.0,75.0,25.8,495.0,3.4,19.6,124.0,67
2025-05-05 14:00:00+05:00,29.0,34.99,7.6,0.0,73.3,25.6,437.0,4.1,19.0,124.0,67
2025-05-05 15:00:00+05:00,32.0,29.47,9.4,0.0,74.3,25.1,399.0,6.0,20.3,117.0,68
2025-05-05 16:00:00+05:00,33.8,28.13,12.2,0.0,100.8,28.7,382.0,9.3,22.4,106.0,69
2025-05-05 17:00:00+05:00,35.0,24.91,7.6,0.0,172.3,40.2,405.0,9.3,16.4,159.0,70
2025-05-05 18:00:00+05:00,37.0,20.89,9.4,0.0,151.3,39.1,506.0,21.3,16.2,131.0,71
2025-05-05 19:00:00+05:00,36.2,26.38,12.9,0.0,108.3,38.3,648.0,37.7,16.0,92.0,78
2025-05-05 20:00:00+05:00,36.0,30.55,11.2,0.0,87.8,39.1,742.0,48.6,15.5,62.0,74
2025-05-05 21:00:00+05:00,36.0,34.68,16.6,0.0,79.6,39.7,744.0,48.6,14.7,51.0,76
2025-05-05 22:00:00+05:00,34.8,42.58,15.8,0.0,72.4,36.9,698.0,43.1,13.7,48.0,77
2025-05-05 23:00:00+05:00,34.0,46.69,14.8,0.2,69.6,34.5,646.0,38.5,13.0,46.0,79
2025-05-06 00:00:00+05:00,31.0,58.8,14.8,0.0,70.3,34.5,599.0,37.0,12.7,40.0,80
2025-05-06 01:00:00+05:00,30.8,67.24,14.4,0.0,61.2,33.2,547.0,36.4,12.7,35.0,81
2025-05-06 02:00:00+05:00,30.0,70.28,13.0,0.0,55.2,30.5,499.0,35.8,13.3,31.0,82
2025-05-06 03:00:00+05:00,30.0,74.62,5.4,0.0,53.2,30.4,429.0,35.0,14.8,28.0,83
2025-05-06 04:00:00+05:00,30.0,75.69,3.3,0.0,53.6,30.6,363.0,34.2,16.9,26.0,84
2025-05-06 05:00:00+05:00,30.0,66.17,18.4,0.0,55.6,19.5,152.0,6.3,7.7,52.0,82
2025-05-06 06:00:00+05:00,30.0,66.17,18.4,0.0,63.1,21.0,188.0,6.7,9.1,55.0,82
2025-05-06 07:00:00+05:00,30.2,68.3,16.9,0.1,76.6,23.6,236.0,7.2,10.9,59.0,81
2025-05-06 08:00:00+05:00,30.0,66.17,18.4,0.1,80.6,23.5,264.0,7.2,12.3,65.0,80
2025-05-06 09:00:00+05:00,30.0,66.17,11.2,0.0,84.8,24.3,251.0,6.1,12.7,75.0,80
2025-05-06 10:00:00+05:00,30.0,66.97,9.7,0.0,85.2,24.9,218.0,4.5,12.6,87.0,79
2025-05-06 11:00:00+05:00,29.0,65.97,11.2,0.0,85.2,25.4,194.0,3.3,12.5,96.0,78
2025-05-06 12:00:00+05:00,30.0,62.27,14.8,0.0,83.8,25.8,191.0,2.8,12.6,101.0,78
2025-05-06 13:00:00+05:00,31.2,57.14,14.8,0.0,82.0,25.8,198.0,2.8,12.6,103.0,77
2025-05-06 14:00:00+05:00,32.0,52.25,22.3,0.0,79.9,25.6,208.0,3.1,12.9,102.0,77
2025-05-06 15:00:00+05:00,33.0,49.39,18.4,0.0,77.3,25.0,225.0,3.6,13.6,99.0,76
2025-05-06 16:00:00+05:00,34.0,49.38,20.4,0.0,73.3,24.2,246.0,4.4,14.5,92.0,76
2025-05-06 17:00:00+05:00,35.0,41.52,18.4,0.0,94.8,29.4,258.0,6.5,15.3,88.0,76
2025-05-06 18:00:00+05:00,35.0,41.52,20.5,0.0,87.5,27.9,253.0,9.8,14.9,76.0,76
2025-05-06 19:00:00+05:00,35.6,45.49,27.5,0.0,78.7,26.2,240.0,14.4,14.2,60.0,76
2025-05-06 20:00:00+05:00,35.0,44.17,27.7,0.0,66.8,25.5,230.0,18.0,13.6,47.0,76
2025-05-06 21:00:00+05:00,36.0,41.79,16.6,0.0,66.4,25.7,234.0,19.9,13.0,41.0,76
2025-05-06 22:00:00+05:00,34.6,50.49,25.1,0.0,64.5,25.8,243.0,20.7,12.5,39.0,76
2025-05-06 23:00:00+05:00,34.0,49.64,25.9,0.0,64.0,25.7,238.0,20.0,11.9,39.0,76
2025-05-07 00:00:00+05:00,32.0,55.55,18.4,0.0,64.0,25.1,206.0,16.8,11.4,43.0,76
2025-05-07 01:00:00+05:00,31.0,64.93,18.2,0.0,64.0,23.9,162.0,12.1,10.8,49.0,77
2025-05-07 02:00:00+05:00,31.0,62.49,22.3,0.0,64.0,23.3,130.0,8.6,10.4,53.0,77
2025-05-07 03:00:00+05:00,31.0,62.49,22.3,0.0,64.0,23.3,121.0,7.4,10.0,54.0,77
2025-05-07 04:00:00+05:00,30.2,67.17,19.3,0.0,60.5,22.5,124.0,7.4,9.6,52.0,77
2025-06-04 05:00:00+05:00,26.0,61.38,5.4,0.0,7.0,5.5,193.0,6.2,5.7,87.0,43
2025-06-04 06:00:00+05:00,26.0,57.62,11.2,0.0,8.8,6.1,415.0,13.5,6.8,77.0,43
2025-06-04 07:00:00+05:00,27.0,54.29,14.0,0.0,14.7,8.8,709.0,23.4,8.4,65.0,42
2025-06-04 08:00:00+05:00,27.0,47.81,11.2,0.0,24.7,14.2,864.0,28.8,10.0,62.0,42
2025-06-04 09:00:00+05:00,26.0,54.07,9.4,0.0,45.2,16.8,742.0,25.5,11.5,78.0,41
2025-06-04 10:00:00+05:00,26.4,59.62,11.2,0.0,79.4,20.5,481.0,17.7,12.9,103.0,42
2025-06-04 11:00:00+05:00,26.0,57.62,11.2,0.0,90.1,22.5,283.0,11.4,13.8,123.0,43
2025-06-04 12:00:00+05:00,25.0,65.13,7.6,0.0,75.9,21.2,231.0,8.5,13.8,132.0,45
2025-06-04 13:00:00+05:00,28.0,60.29,9.7,0.0,60.5,19.4,242.0,7.0,13.2,135.0,46
2025-06-04 14:00:00+05:00,31.0,43.09,9.4,0.0,46.9,17.9,263.0,6.7,12.3,134.0,47
2025-06-04 15:00:00+05:00,33.0,31.74,9.4,0.0,36.9,16.3,282.0,7.7,11.2,127.0,49
2025-06-04 16:00:00+05:00,36.0,23.58,14.4,0.0,30.0,14.3,312.0,9.9,9.8,116.0,57
2025-06-04 17:00:00+05:00,38.0,13.15,18.4,0.0,21.4,11.2,338.0,12.8,9.2,106.0,68
2025-06-04 18:00:00+05:00,40.0,11.01,33.5,0.0,20.1,11.6,360.0,15.4,8.8,98.0,74
2025-06-04 19:00:00+05:00,39.0,18.36,28.6,0.0,19.0,11.6,379.0,18.8,8.3,86.0,73
2025-06-04 20:00:00+05:00,38.0,22.56,29.5,0.0,17.1,11.1,382.0,20.6,7.9,79.0,65
2025-06-04 21:00:00+05:00,37.0,19.54,31.7,0.0,14.9,10.3,360.0,19.3,7.8,80.0,54
2025-06-04 22:00:00+05:00,35.6,24.46,28.1,0.0,13.4,9.8,323.0,16.2,7.7,85.0,50
2025-06-04 23:00:00+05:00,35.0,23.32,22.3,0.0,12.7,9.6,287.0,13.3,7.6,89.0,50
2025-06-05 00:00:00+05:00,32.0,27.58,20.5,0.0,12.0,9.3,257.0,10.8,7.2,91.0,51
2025-06-05 01:00:00+05:00,30.6,31.45,15.5,0.0,11.0,8.6,228.0,8.4,6.6,93.0,51
2025-06-05 02:00:00+05:00,29.0,37.37,9.4,0.0,10.2,7.9,209.0,6.7,6.2,94.0,51
2025-06-05 03:00:00+05:00,28.0,39.6,11.2,0.0,9.4,7.3,182.0,5.3,5.9,94.0,51
2025-06-05 04:00:00+05:00,29.2,39.71,19.9,0.0,9.0,6.9,164.0,4.7,5.8,93.0,51
2025-06-05 05:00:00+05:00,30.0,70.28,5.4,0.0,73.6,41.9,388.0,50.1,18.5,14.0,85
2025-06-05 06:00:00+05:00,30.0,70.28,7.6,0.0,75.4,42.7,614.0,48.2,21.9,25.0,87
2025-06-05 07:00:00+05:00,29.2,75.92,6.0,0.0,77.5,46.6,931.0,45.2,26.5,41.0,90
2025-06-05 08:00:00+05:00,29.0,74.46,7.6,0.0,104.8,46.3,1100.0,40.1,30.5,64.0,92
2025-06-05 09:00:00+05:00,29.0,100.0,5.4,0.0,122.9,43.3,976.0,31.0,33.3,98.0,95
2025-06-05 10:00:00+05:00,28.2,79.89,6.0,0.0,129.0,43.1,703.0,19.8,35.3,138.0,97
2025-06-05 11:00:00+05:00,28.0,100.0,7.6,0.0,135.0,45.3,482.0,11.2,36.0,169.0,99
2025-06-05 12:00:00+05:00,28.0,78.91,5.4,0.0,129.9,44.6,386.0,7.0,34.5,185.0,101
2025-06-05 13:00:00+05:00,31.2,43.44,9.7,0.0,121.1,42.5,340.0,5.4,31.6,190.0,104
2025-06-05 14:00:00+05:00,33.0,31.74,9.4,0.0,116.6,40.5,322.0,5.1,28.8,186.0,105
2025-06-05 15:00:00+05:00,35.0,28.39,9.4,0.0,120.1,38.0,338.0,6.1,26.7,168.0,107
2025-06-05 16:00:00+05:00,36.0,26.56,3.3,0.0,120.6,35.6,381.0,8.5,24.6,140.0,121
2025-06-05 17:00:00+05:00,36.0,28.66,16.6,0.0,129.5,36.8,408.0,12.7,20.5,110.0,138
2025-06-05 18:00:00+05:00,36.0,34.68,29.5,0.0,127.1,34.5,397.0,17.7,18.9,90.0,140
2025-06-05 19:00:00+05:00,35.0,44.47,25.1,0.0,111.8,31.5,369.0,24.4,16.6,62.0,130
2025-06-05 20:00:00+05:00,36.0,28.66,18.4,0.0,92.9,28.4,342.0,28.6,14.6,42.0,107
2025-06-05 21:00:00+05:00,35.0,41.52,22.3,0.0,70.5,24.7,321.0,27.9,13.1,36.0,106
2025-06-05 22:00:00+05:00,35.0,42.01,15.5,0.0,54.8,21.4,301.0,24.6,11.9,38.0,105
2025-06-05 23:00:00+05:00,34.0,41.25,18.4,0.0,40.2,18.7,287.0,21.5,10.9,40.0,103
2025-06-06 00:00:00+05:00,32.0,55.55,24.1,0.0,32.2,16.9,282.0,19.1,9.8,40.0,101
2025-06-06 01:00:00+05:00,30.2,70.83,19.3,0.0,28.5,15.5,283.0,16.8,9.0,40.0,100
2025-06-06 02:00:00+05:00,30.0,70.28,22.3,0.0,27.0,15.3,291.0,15.6,9.0,40.0,98
2025-06-06 03:00:00+05:00,30.0,70.28,16.6,0.0,27.0,15.9,301.0,16.6,10.1,37.0,97
2025-06-06 04:00:00+05:00,28.6,77.15,13.3,0.0,29.3,17.2,318.0,18.7,12.1,34.0,95
2025-06-06 05:00:00+05:00,30.0,66.17,18.4,0.0,56.7,21.8,139.0,6.7,10.5,55.0,77
2025-06-06 06:00:00+05:00,30.0,66.17,20.5,0.0,60.3,23.0,174.0,6.9,11.2,57.0,77
2025-06-06 07:00:00+05:00,30.1,71.58,14.8,0.0,68.9,24.8,220.0,7.1,12.1,60.0,77
2025-06-06 08:00:00+05:00,30.0,66.17,18.4,0.0,69.8,25.3,247.0,6.9,12.7,66.0,78
2025-06-06 09:00:00+05:00,30.0,66.17,14.8,0.0,72.2,26.1,236.0,5.9,12.6,76.0,78
2025-06-06 10:00:00+05:00,29.2,65.65,15.8,0.0,74.5,27.4,205.0,4.4,12.3,88.0,78
2025-06-06 11:00:00+05:00,29.0,62.05,13.0,0.0,75.0,28.2,182.0,3.3,12.0,97.0,78
2025-06-06 12:00:00+05:00,30.0,66.17,18.4,0.0,74.5,28.9,177.0,2.8,12.0,101.0,78
2025-06-06 13:00:00+05:00,31.0,62.64,18.4,0.0,72.2,28.5,180.0,2.6,12.0,103.0,79
2025-06-06 14:00:00+05:00,32.0,59.03,25.9,0.0,70.3,27.8,188.0,2.9,12.2,102.0,79
2025-06-06 15:00:00+05:00,34.0,46.69,16.6,0.0,68.0,26.8,204.0,3.5,12.7,98.0,79
2025-06-06 16:00:00+05:00,34.2,48.6,18.2,0.0,65.7,25.8,225.0,4.4,13.3,91.0,79
2025-06-06 17:00:00+05:00,35.0,39.02,22.3,0.0,69.2,25.8,240.0,6.0,13.4,84.0,79
2025-06-06 18:00:00+05:00,35.0,41.52,27.7,0.0,65.0,25.0,242.0,9.4,13.2,74.0,79
2025-06-06 19:00:00+05:00,35.8,44.11,27.0,0.0,62.4,24.7,238.0,13.9,13.0,59.0,79
2025-06-06 20:00:00+05:00,35.0,41.52,29.5,0.0,56.9,24.9,232.0,17.1,12.6,49.0,79
2025-06-06 21:00:00+05:00,34.0,43.9,29.5,0.0,58.9,25.3,228.0,17.6,12.0,46.0,79
2025-06-06 22:00:00+05:00,33.4,51.94,27.0,0.0,60.3,25.5,223.0,16.8,11.3,47.0,79
2025-06-06 23:00:00+05:00,33.0,52.5,27.7,0.0,62.2,25.6,211.0,15.3,10.5,49.0,78
2025-06-07 00:00:00+05:00,32.0,59.03,29.5,0.0,63.8,25.3,185.0,13.2,9.6,52.0,78
2025-06-07 01:00:00+05:00,31.0,67.28,25.6,0.0,65.4,24.9,153.0,10.5,8.7,55.0,79
2025-06-07 02:00:00+05:00,31.0,62.49,27.7,0.0,65.4,24.2,130.0,8.3,8.0,58.0,79
2025-06-07 03:00:00+05:00,30.0,62.27,27.7,0.0,63.3,23.3,120.0,7.1,7.6,59.0,79
2025-06-07 04:00:00+05:00,30.0,68.26,19.3,0.0,62.2,22.8,118.0,6.4,7.4,60.0,79
2025-07-01 05:00:00+05:00,30.0,84.0,18.4,0.0,46.2,21.2,219.0,14.3,8.5,41.0,76
2025-07-01 06:00:00+05:00,29.8,84.0,17.5,0.0,43.3,20.0,175.0,11.3,7.6,43.0,77
2025-07-01 07:00:00+05:00,29.7,85.0,16.8,0.0,41.0,19.0,144.0,9.0,7.0,44.0,76
2025-07-01 08:00:00+05:00,29.6,86.0,16.1,0.0,39.5,18.5,131.0,7.9,6.8,44.0,76
2025-07-01 09:00:00+05:00,29.5,87.0,15.3,0.0,40.6,18.7,131.0,7.5,7.0,44.0,76
2025-07-01 10:00:00+05:00,29.4,87.0,16.9,0.0,38.9,18.5,146.0,6.5,7.1,48.0,75
2025-07-01 11:00:00+05:00,29.3,87.0,16.5,0.0,43.1,19.8,189.0,8.6,8.0,47.0,74
2025-07-01 12:00:00+05:00,29.6,85.0,16.7,0.0,52.2,22.6,246.0,11.4,9.3,46.0,72
2025-07-01 13:00:00+05:00,30.1,81.0,19.3,0.0,59.1,24.6,282.0,12.7,10.6,49.0,72
2025-07-01 14:00:00+05:00,30.6,79.0,21.1,0.0,68.7,25.7,273.0,10.8,12.0,58.0,71
2025-07-01 15:00:00+05:00,30.9,78.0,21.7,0.0,79.2,27.9,243.0,7.4,13.4,70.0,71
2025-07-01 16:00:00+05:00,31.7,74.0,17.9,0.0,80.8,28.1,220.0,4.8,14.2,79.0,72
2025-07-01 17:00:00+05:00,32.0,73.0,18.6,0.0,78.2,27.7,217.0,3.9,14.1,83.0,72
2025-07-01 18:00:00+05:00,32.2,72.0,18.5,0.0,77.1,27.6,222.0,3.7,13.3,83.0,73
2025-07-01 19:00:00+05:00,32.2,73.0,18.8,0.0,64.0,24.1,232.0,4.1,12.7,81.0,73
2025-07-01 20:00:00+05:00,32.0,73.0,19.5,0.0,58.7,22.5,247.0,4.6,12.4,76.0,73
2025-07-01 21:00:00+05:00,31.7,75.0,19.8,0.0,53.1,21.0,268.0,5.7,12.1,69.0,73
2025-07-01 22:00:00+05:00,31.5,74.0,18.8,0.0,71.9,27.6,292.0,8.1,12.7,62.0,73
2025-07-01 23:00:00+05:00,30.9,77.0,19.7,0.0,66.4,26.1,327.0,12.5,12.5,54.0,74
2025-07-02 00:00:00+05:00,30.3,80.0,18.9,0.0,61.9,25.7,364.0,18.5,12.3,42.0,74
2025-07-02 01:00:00+05:00,29.9,83.0,17.6,0.0,53.0,25.1,381.0,22.6,12.0,34.0,74
2025-07-02 02:00:00+05:00,29.7,83.0,17.7,0.0,48.7,24.0,363.0,23.4,11.7,31.0,74
2025-07-02 03:00:00+05:00,29.4,85.0,18.3,0.0,48.2,23.3,323.0,22.4,11.4,32.0,74
2025-07-02 04:00:00+05:00,29.8,84.0,14.9,0.0,48.7,22.8,281.0,20.6,10.9,33.0,74
2025-07-04 05:00:00+05:00,29.0,37.37,14.8,0.0,13.5,7.1,218.0,5.8,5.9,91.0,51
2025-07-04 06:00:00+05:00,29.0,37.37,20.5,0.0,12.5,7.7,433.0,12.4,6.8,83.0,51
2025-07-04 07:00:00+05:00,29.0,36.02,19.7,0.0,15.0,10.0,720.0,21.3,8.0,73.0,51
2025-07-04 08:00:00+05:00,28.0,42.27,13.0,0.0,18.4,13.9,868.0,26.0,9.3,71.0,51
2025-07-04 09:00:00+05:00,28.0,42.27,11.2,0.0,21.1,13.6,740.0,22.5,10.7,85.0,51
2025-07-04 10:00:00+05:00,27.4,48.9,11.2,0.0,24.1,13.4,473.0,14.8,12.2,108.0,51
2025-07-04 11:00:00+05:00,27.0,50.97,9.4,0.0,27.2,13.4,273.0,8.7,13.1,126.0,50
2025-07-04 12:00:00+05:00,27.0,54.32,11.2,0.0,27.5,13.3,226.0,6.2,12.9,134.0,49
2025-07-04 13:00:00+05:00,28.2,55.72,17.3,0.0,26.1,12.7,245.0,5.2,12.1,136.0,48
2025-07-04 14:00:00+05:00,30.0,48.6,14.8,0.0,24.2,12.1,274.0,5.3,11.4,135.0,47
2025-07-04 15:00:00+05:00,32.0,38.2,18.4,0.0,22.9,11.9,293.0,6.2,11.0,130.0,51
2025-07-04 16:00:00+05:00,34.2,33.83,16.9,0.0,22.2,12.1,322.0,8.0,10.8,122.0,63
2025-07-04 17:00:00+05:00,36.0,28.66,24.1,0.0,25.6,14.0,360.0,11.5,11.0,113.0,74
2025-07-04 18:00:00+05:00,36.0,34.68,27.7,0.0,26.0,15.7,421.0,17.0,10.8,100.0,80
2025-07-04 19:00:00+05:00,34.6,37.72,25.6,0.0,27.2,18.9,492.0,24.5,10.6,82.0,78
2025-07-04 20:00:00+05:00,34.0,38.75,27.7,0.0,29.5,20.5,533.0,29.8,10.5,68.0,69
2025-07-04 21:00:00+05:00,34.0,38.75,29.5,0.0,31.2,21.7,523.0,31.3,10.6,62.0,55
2025-07-04 22:00:00+05:00,32.8,44.2,23.4,0.0,32.6,22.9,484.0,30.6,10.7,60.0,50
2025-07-04 23:00:00+05:00,31.0,43.09,25.9,0.0,33.9,24.2,434.0,28.6,10.6,60.0,51
2025-07-05 00:00:00+05:00,29.0,54.82,20.5,0.0,33.9,24.6,370.0,24.8,10.0,63.0,53
2025-07-05 01:00:00+05:00,28.2,56.83,14.4,0.0,32.4,22.8,296.0,19.7,9.1,67.0,54
2025-07-05 02:00:00+05:00,28.0,54.57,11.2,0.0,31.4,21.4,245.0,15.5,8.4,71.0,55
2025-07-05 03:00:00+05:00,27.0,57.86,5.4,0.0,30.9,20.5,215.0,12.6,8.1,72.0,57
2025-07-05 04:00:00+05:00,27.4,58.83,11.2,0.0,30.4,20.0,208.0,10.6,7.9,72.0,58
2025-07-05 05:00:00+05:00,29.0,74.46,11.2,0.0,23.1,16.6,359.0,22.5,13.9,25.0,94
2025-07-05 06:00:00+05:00,29.0,74.46,13.0,0.0,27.0,17.8,447.0,21.1,18.0,29.0,92
2025-07-05 07:00:00+05:00,29.0,71.8,10.4,0.0,38.1,19.4,560.0,19.0,23.9,36.0,90
2025-07-05 08:00:00+05:00,29.0,70.1,9.4,0.0,54.8,20.1,647.0,16.7,29.4,51.0,87
2025-07-05 09:00:00+05:00,29.0,65.97,9.4,0.0,78.2,23.1,700.0,14.2,34.7,79.0,85
2025-07-05 10:00:00+05:00,29.0,70.56,8.2,0.0,99.4,29.3,727.0,11.4,39.6,114.0,83
2025-07-05 11:00:00+05:00,29.0,70.1,3.6,0.0,116.4,37.5,701.0,9.1,42.1,143.0,82
2025-07-05 12:00:00+05:00,29.0,74.46,0.0,0.0,117.6,41.3,579.0,7.1,40.7,164.0,81
2025-07-05 13:00:00+05:00,30.0,68.26,4.6,0.0,101.3,38.1,405.0,5.6,36.8,178.0,81
2025-07-05 14:00:00+05:00,31.0,58.8,7.6,0.0,81.7,33.6,282.0,5.1,32.3,178.0,81
2025-07-05 15:00:00+05:00,33.0,49.39,7.6,0.0,67.3,27.3,264.0,6.2,27.1,154.0,80
2025-07-05 16:00:00+05:00,35.0,44.47,13.0,0.0,61.9,23.2,298.0,8.3,21.2,115.0,92
2025-07-05 17:00:00+05:00,35.0,44.17,14.8,0.0,50.6,18.8,325.0,10.2,17.9,87.0,106
2025-07-05 18:00:00+05:00,36.0,39.29,22.3,0.0,46.0,16.6,325.0,13.0,16.1,73.0,108
2025-07-05 19:00:00+05:00,35.8,43.26,20.8,0.0,40.7,15.4,317.0,16.9,13.7,53.0,99
2025-07-05 20:00:00+05:00,36.0,39.29,22.3,0.0,37.4,15.4,306.0,20.7,12.1,38.0,80
2025-07-05 21:00:00+05:00,34.0,46.69,24.1,0.0,36.1,15.8,290.0,24.0,12.3,31.0,72
2025-07-05 22:00:00+05:00,32.6,55.71,21.8,0.0,35.7,16.5,271.0,27.2,13.4,28.0,71
2025-07-05 23:00:00+05:00,32.0,55.55,18.4,0.0,34.9,18.7,253.0,30.3,14.1,25.0,71
2025-07-06 00:00:00+05:00,30.0,62.27,14.8,0.0,36.7,21.8,235.0,33.9,14.0,20.0,71
2025-07-06 01:00:00+05:00,30.0,69.57,16.9,0.0,38.0,23.7,219.0,37.4,13.6,16.0,71
2025-07-06 02:00:00+05:00,29.0,70.1,13.0,0.0,37.0,22.8,211.0,38.5,13.1,14.0,72
2025-07-06 03:00:00+05:00,29.0,74.46,14.8,0.0,35.0,21.0,210.0,35.7,12.2,15.0,73
2025-07-06 04:00:00+05:00,29.2,78.71,12.2,0.0,34.3,19.4,218.0,30.5,11.3,18.0,73
2025-07-06 05:00:00+05:00,30.0,66.17,18.4,0.0,61.2,22.4,129.0,6.6,7.7,59.0,79
2025-07-06 06:00:00+05:00,30.0,66.17,18.4,0.0,61.7,22.6,165.0,7.0,8.8,61.0,79
2025-07-06 07:00:00+05:00,29.4,70.68,16.9,0.0,75.2,24.9,213.0,7.5,10.3,65.0,79
2025-07-06 08:00:00+05:00,29.0,70.1,11.2,0.0,75.9,24.9,242.0,7.4,11.6,70.0,79
2025-07-06 09:00:00+05:00,29.0,70.1,18.4,0.0,76.1,25.5,232.0,6.3,12.5,79.0,79
2025-07-06 10:00:00+05:00,29.2,69.26,14.8,0.0,76.1,26.2,202.0,4.7,13.3,90.0,79
2025-07-06 11:00:00+05:00,29.0,65.97,20.5,0.0,76.1,26.5,180.0,3.5,13.5,97.0,79
2025-07-06 12:00:00+05:00,29.0,70.1,18.4,0.0,78.0,26.4,176.0,3.0,12.9,99.0,78
2025-07-06 13:00:00+05:00,30.2,68.3,16.9,0.0,76.6,25.8,179.0,2.8,11.9,98.0,78
2025-07-06 14:00:00+05:00,31.0,58.8,24.1,0.0,75.4,25.4,186.0,3.0,11.1,95.0,78
2025-07-06 15:00:00+05:00,33.0,52.5,24.1,0.0,73.6,25.0,200.0,3.4,10.9,90.0,78
2025-07-06 16:00:00+05:00,34.0,52.22,25.6,0.0,71.9,24.6,217.0,4.2,10.9,84.0,78
2025-07-06 17:00:00+05:00,34.0,49.64,25.9,0.0,71.0,23.8,227.0,5.7,11.3,78.0,77
2025-07-06 18:00:00+05:00,35.0,46.96,40.7,0.0,66.1,23.4,221.0,8.6,11.1,70.0,77
2025-07-06 19:00:00+05:00,34.6,52.33,34.9,0.0,62.9,23.1,207.0,12.5,10.9,60.0,77
2025-07-06 20:00:00+05:00,35.0,46.96,33.5,0.0,56.6,23.3,197.0,15.1,10.6,52.0,77
2025-07-06 21:00:00+05:00,34.0,49.64,33.5,0.0,55.5,23.3,201.0,15.4,10.2,50.0,77
2025-07-06 22:00:00+05:00,33.6,54.94,28.4,0.0,53.4,23.2,209.0,14.5,9.7,52.0,77
2025-07-06 23:00:00+05:00,32.0,55.55,29.5,0.0,51.1,22.6,208.0,13.0,9.1,54.0,76
2025-07-07 00:00:00+05:00,31.0,62.49,27.7,0.0,48.4,21.7,187.0,10.9,8.4,57.0,76
2025-07-07 01:00:00+05:00,30.2,67.17,25.6,0.0,45.2,20.3,156.0,8.4,7.6,60.0,76
2025-07-07 02:00:00+05:00,30.0,66.17,27.7,0.0,42.4,19.0,133.0,6.4,7.1,63.0,75
2025-07-07 03:00:00+05:00,30.0,66.17,22.3,0.0,40.2,18.2,122.0,5.6,6.8,64.0,75
2025-07-07 04:00:00+05:00,29.2,75.92,22.3,0.0,39.2,17.6,118.0,5.3,6.8,65.0,75
2025-08-04 05:00:00+05:00,27.0,57.86,9.4,0.0,28.5,19.3,261.0,11.0,8.1,71.0,59
2025-08-04 06:00:00+05:00,26.0,65.35,13.0,0.0,29.9,20.1,446.0,16.5,8.9,66.0,60
2025-08-04 07:00:00+05:00,26.4,70.99,8.6,0.0,33.8,23.9,692.0,23.8,10.0,60.0,61
2025-08-04 08:00:00+05:00,26.0,73.96,16.6,0.0,34.2,24.9,822.0,27.3,11.6,62.0,62
2025-08-04 09:00:00+05:00,26.0,78.63,13.0,0.0,38.0,23.3,723.0,23.3,14.2,81.0,63
2025-08-04 10:00:00+05:00,25.8,85.15,8.6,0.0,41.3,22.9,508.0,15.4,17.1,107.0,64
2025-08-04 11:00:00+05:00,25.0,88.68,9.4,0.0,42.5,22.2,343.0,9.1,18.9,128.0,65
2025-08-04 12:00:00+05:00,25.0,88.68,7.6,0.0,41.7,20.8,295.0,6.4,18.4,137.0,66
2025-08-04 13:00:00+05:00,27.0,80.87,7.6,0.0,39.1,19.2,296.0,5.3,16.8,139.0,66
2025-08-04 14:00:00+05:00,29.0,65.97,11.2,0.0,36.3,18.0,310.0,5.2,15.4,137.0,67
2025-08-04 15:00:00+05:00,30.0,55.07,20.5,0.0,34.8,17.1,325.0,5.3,14.8,131.0,68
2025-08-04 16:00:00+05:00,31.6,53.15,22.9,0.0,33.8,16.5,352.0,6.5,14.5,122.0,68
2025-08-04 17:00:00+05:00,32.0,52.25,24.1,0.0,47.3,22.1,389.0,10.9,14.8,108.0,75
2025-08-04 18:00:00+05:00,33.0,46.43,16.6,0.0,45.4,22.9,435.0,20.3,15.1,90.0,81
2025-08-04 19:00:00+05:00,33.6,41.12,19.7,0.0,42.1,25.0,490.0,33.3,15.5,65.0,78
2025-08-04 20:00:00+05:00,34.0,32.02,24.1,0.0,43.5,27.8,556.0,43.3,15.9,45.0,70
2025-08-04 21:00:00+05:00,34.0,28.12,22.3,0.0,44.2,29.5,656.0,48.1,16.3,35.0,71
2025-08-04 22:00:00+05:00,33.6,38.88,16.9,0.0,44.7,30.6,765.0,50.0,16.7,30.0,72
2025-08-04 23:00:00+05:00,32.0,38.2,11.2,0.0,44.5,30.5,816.0,49.3,16.5,29.0,72
2025-08-05 00:00:00+05:00,30.0,55.07,14.8,0.0,43.7,29.9,764.0,45.0,15.3,32.0,73
2025-08-05 01:00:00+05:00,28.8,62.87,10.8,0.0,43.9,29.5,652.0,38.2,13.5,38.0,73
2025-08-05 02:00:00+05:00,28.0,69.91,13.0,0.0,41.7,27.2,542.0,31.6,11.8,43.0,74
2025-08-05 03:00:00+05:00,27.0,74.13,7.6,0.0,38.8,25.0,436.0,25.7,10.3,47.0,74
2025-08-05 04:00:00+05:00,27.2,68.54,7.6,0.0,35.2,22.8,333.0,20.2,8.8,50.0,75
2025-08-05 05:00:00+05:00,29.0,79.05,11.2,0.0,41.9,24.1,244.0,38.3,14.4,12.0,74
2025-08-05 06:00:00+05:00,29.0,79.05,13.0,0.0,39.6,23.2,311.0,31.4,16.0,21.0,74
2025-08-05 07:00:00+05:00,29.0,79.99,8.6,0.0,42.8,21.5,397.0,21.7,18.3,33.0,75
2025-08-05 08:00:00+05:00,29.0,79.05,13.0,0.0,47.0,19.3,445.0,13.8,20.1,47.0,75
2025-08-05 09:00:00+05:00,29.0,74.46,9.4,0.0,50.3,19.5,419.0,9.4,21.1,64.0,75
2025-08-05 10:00:00+05:00,28.2,79.89,7.1,0.0,51.3,20.8,356.0,6.7,21.6,83.0,74
2025-08-05 11:00:00+05:00,28.0,78.91,7.6,0.0,52.7,22.4,304.0,4.9,21.4,97.0,74
2025-08-05 12:00:00+05:00,28.0,78.91,5.4,0.0,52.7,22.5,279.0,3.6,20.1,104.0,72
2025-08-05 13:00:00+05:00,30.0,70.79,9.7,0.0,53.6,22.0,266.0,3.2,18.1,105.0,71
2025-08-05 14:00:00+05:00,31.0,62.49,14.8,0.0,52.2,21.3,269.0,3.4,16.8,104.0,69
2025-08-05 15:00:00+05:00,32.0,55.55,20.5,0.0,53.0,21.2,300.0,4.1,16.9,99.0,68
2025-08-05 16:00:00+05:00,33.0,52.85,15.5,0.0,53.0,21.1,347.0,5.5,17.6,92.0,68
2025-08-05 17:00:00+05:00,33.0,49.39,24.1,0.0,48.7,19.6,382.0,7.4,18.6,85.0,67
2025-08-05 18:00:00+05:00,34.0,46.69,16.6,0.0,50.9,19.6,396.0,11.1,18.8,72.0,68
2025-08-05 19:00:00+05:00,34.2,49.43,19.3,0.0,50.4,19.3,398.0,16.2,19.0,55.0,68
2025-08-05 20:00:00+05:00,34.0,46.69,20.5,0.0,50.9,19.7,387.0,20.7,18.9,41.0,68
2025-08-05 21:00:00+05:00,33.0,49.39,22.3,0.0,50.6,20.8,353.0,24.0,18.2,34.0,69
2025-08-05 22:00:00+05:00,33.2,52.9,19.3,0.0,52.5,22.0,306.0,26.6,17.1,31.0,69
2025-08-05 23:00:00+05:00,32.0,52.25,18.4,0.0,54.0,23.2,273.0,27.9,15.8,29.0,69
2025-08-06 00:00:00+05:00,31.0,58.8,18.4,0.0,56.1,24.0,264.0,27.2,14.2,29.0,70
2025-08-06 01:00:00+05:00,30.2,68.3,13.3,0.0,58.0,24.5,268.0,25.1,12.4,30.0,70
2025-08-06 02:00:00+05:00,30.0,66.17,14.8,0.0,59.0,25.1,280.0,23.3,11.1,31.0,70
2025-08-06 03:00:00+05:00,30.0,70.28,13.0,0.0,59.8,25.5,296.0,22.6,10.3,29.0,70
2025-08-06 04:00:00+05:00,30.0,72.15,9.7,0.0,61.7,25.7,320.0,22.2,10.0,28.0,71
2025-08-06 05:00:00+05:00,29.0,70.1,18.4,0.0,36.1,17.0,130.0,6.4,7.3,63.0,74
2025-08-06 06:00:00+05:00,29.0,74.46,22.3,0.0,38.8,17.3,171.0,6.8,8.4,66.0,74
2025-08-06 07:00:00+05:00,28.4,75.79,20.8,0.0,49.8,19.4,227.0,7.4,9.9,70.0,73
2025-08-06 08:00:00+05:00,28.0,74.29,16.6,0.0,55.2,20.7,260.0,7.4,11.3,76.0,73
2025-08-06 09:00:00+05:00,28.0,69.91,18.4,0.0,58.4,21.9,248.0,6.4,12.4,86.0,72
2025-08-06 10:00:00+05:00,28.2,73.1,15.8,0.0,61.0,23.2,214.0,4.9,13.3,97.0,72
2025-08-06 11:00:00+05:00,28.0,74.29,22.3,0.0,63.8,24.0,188.0,3.7,13.8,105.0,72
2025-08-06 12:00:00+05:00,29.0,70.1,18.4,0.0,63.8,24.0,183.0,3.2,13.6,107.0,71
2025-08-06 13:00:00+05:00,30.0,70.74,22.3,0.0,63.1,23.8,187.0,3.0,12.9,106.0,71
2025-08-06 14:00:00+05:00,31.0,58.8,22.3,0.0,61.2,23.5,195.0,3.2,12.2,102.0,71
2025-08-06 15:00:00+05:00,33.0,52.5,18.4,0.0,58.8,22.9,210.0,3.6,11.7,96.0,71
2025-08-06 16:00:00+05:00,33.8,53.05,24.0,0.0,56.3,22.2,229.0,4.2,11.3,89.0,71
2025-08-06 17:00:00+05:00,35.0,44.17,27.7,0.0,66.8,25.4,240.0,5.9,11.8,84.0,71
2025-08-06 18:00:00+05:00,35.0,46.96,31.7,0.0,62.6,24.3,234.0,8.6,11.6,76.0,71
2025-08-06 19:00:00+05:00,35.0,50.83,28.1,0.0,59.1,23.6,219.0,12.4,11.3,64.0,71
2025-08-06 20:00:00+05:00,34.0,49.64,33.5,0.0,52.5,23.7,207.0,15.1,11.0,56.0,71
2025-08-06 21:00:00+05:00,34.0,49.64,33.5,0.0,52.5,24.2,203.0,15.9,10.8,54.0,71
2025-08-06 22:00:00+05:00,33.0,52.5,33.5,0.0,52.4,24.4,201.0,15.6,10.5,55.0,71
2025-08-06 23:00:00+05:00,32.0,55.55,29.5,0.0,51.7,24.5,194.0,14.7,10.1,57.0,71
2025-08-07 00:00:00+05:00,30.0,62.27,29.5,0.0,49.7,23.9,176.0,12.8,9.3,59.0,71
2025-08-07 01:00:00+05:00,30.0,65.81,25.1,0.0,47.4,23.0,153.0,10.2,8.3,61.0,71
2025-08-07 02:00:00+05:00,29.0,70.1,27.7,0.0,45.9,22.1,136.0,8.2,7.6,63.0,72
2025-08-07 03:00:00+05:00,29.0,70.1,27.7,0.0,44.7,21.5,126.0,7.2,7.2,63.0,72
2025-08-07 04:00:00+05:00,29.2,70.65,22.9,0.0,43.8,21.0,121.0,6.7,7.1,63.0,72
2025-09-04 05:00:00+05:00,27.0,61.6,7.6,0.0,28.9,18.2,287.0,14.1,7.6,57.0,75
2025-09-04 06:00:00+05:00,27.0,61.6,5.4,0.0,27.9,17.9,354.0,15.8,8.4,59.0,75
2025-09-04 07:00:00+05:00,25.6,77.82,6.1,0.0,29.4,19.6,479.0,18.0,9.7,62.0,75
2025-09-04 08:00:00+05:00,25.0,78.49,5.4,0.0,30.6,18.2,552.0,18.6,11.3,69.0,74
2025-09-04 09:00:00+05:00,25.0,83.45,5.4,0.0,33.1,17.6,514.0,16.0,13.8,85.0,74
2025-09-04 10:00:00+05:00,25.0,89.74,8.6,0.0,36.6,18.3,424.0,11.6,16.7,106.0,73
2025-09-04 11:00:00+05:00,25.0,88.68,14.8,0.0,40.3,18.6,352.0,8.1,18.5,122.0,73
2025-09-04 12:00:00+05:00,25.0,83.45,11.2,0.0,42.7,18.3,323.0,6.0,18.0,128.0,73
2025-09-04 13:00:00+05:00,26.2,83.79,13.3,0.0,44.4,17.6,312.0,4.8,16.4,129.0,72
2025-09-04 14:00:00+05:00,28.0,74.29,14.8,0.0,45.4,17.2,312.0,4.6,15.2,126.0,72
2025-09-04 15:00:00+05:00,30.0,58.57,18.4,0.0,47.4,17.2,316.0,5.2,15.1,121.0,72
2025-09-04 16:00:00+05:00,30.8,58.01,18.4,0.0,49.4,17.5,330.0,6.9,15.5,114.0,72
2025-09-04 17:00:00+05:00,32.0,46.17,22.3,0.0,59.5,20.1,371.0,11.1,16.2,103.0,72
2025-09-04 18:00:00+05:00,34.0,26.34,22.3,0.0,56.2,20.4,475.0,20.7,16.2,85.0,72
2025-09-04 19:00:00+05:00,34.8,31.47,20.8,0.0,48.0,22.1,605.0,33.7,16.0,60.0,72
2025-09-04 20:00:00+05:00,36.0,23.57,18.4,0.0,47.3,23.5,667.0,42.3,15.6,42.0,72
2025-09-04 21:00:00+05:00,36.0,32.56,27.7,0.0,46.7,23.9,597.0,42.9,14.7,37.0,71
2025-09-04 22:00:00+05:00,34.6,34.08,21.5,0.0,45.3,23.3,458.0,39.0,13.5,40.0,71
2025-09-04 23:00:00+05:00,33.0,36.1,13.0,0.0,41.8,21.2,344.0,33.8,12.1,44.0,70
2025-09-05 00:00:00+05:00,32.0,22.55,7.6,0.0,38.3,18.8,290.0,27.0,10.2,50.0,69
2025-09-05 01:00:00+05:00,31.0,33.55,11.2,0.0,34.8,17.1,260.0,18.8,8.0,59.0,68
2025-09-05 02:00:00+05:00,30.0,33.03,7.6,0.0,30.9,15.5,240.0,12.6,6.5,65.0,67
2025-09-05 03:00:00+05:00,29.0,37.37,13.0,0.0,27.0,14.3,224.0,9.7,6.1,67.0,66
2025-09-05 04:00:00+05:00,27.2,78.06,13.3,0.0,24.7,13.4,219.0,8.8,6.4,66.0,65
2025-09-05 05:00:00+05:00,30.0,70.28,11.2,0.0,66.1,30.2,354.0,30.4,15.6,18.0,71
2025-09-05 06:00:00+05:00,29.0,74.46,5.4,0.0,59.5,31.5,414.0,27.8,19.5,24.0,72
2025-09-05 07:00:00+05:00,29.2,75.92,1.4,0.0,63.3,31.4,484.0,24.0,24.8,34.0,73
2025-09-05 08:00:00+05:00,28.0,74.29,5.4,0.0,87.8,31.7,520.0,19.8,28.2,47.0,73
2025-09-05 09:00:00+05:00,28.0,78.91,0.0,0.0,91.5,30.4,493.0,14.9,28.1,67.0,75
2025-09-05 10:00:00+05:00,28.2,79.89,6.3,0.0,90.8,31.3,431.0,9.6,26.1,90.0,75
2025-09-05 11:00:00+05:00,29.0,74.46,9.4,0.0,92.0,33.5,374.0,5.6,23.9,108.0,76
2025-09-05 12:00:00+05:00,28.3,79.91,5.8,0.0,89.6,33.9,330.0,3.7,21.7,116.0,77
2025-09-05 13:00:00+05:00,30.2,73.44,11.9,0.0,85.9,33.1,291.0,3.2,19.4,119.0,78
2025-09-05 14:00:00+05:00,30.0,70.28,11.2,0.0,81.0,31.4,269.0,3.4,17.7,117.0,79
2025-09-05 15:00:00+05:00,32.0,55.55,9.4,0.0,76.4,29.5,274.0,4.1,17.3,110.0,80
2025-09-05 16:00:00+05:00,33.4,51.08,9.0,0.0,74.5,28.4,295.0,5.6,17.5,98.0,81
2025-09-05 17:00:00+05:00,34.0,43.9,7.6,0.0,80.8,30.6,315.0,7.7,19.6,105.0,82
2025-09-05 18:00:00+05:00,35.0,39.02,11.2,0.0,69.4,27.0,330.0,11.2,18.2,88.0,83
2025-09-05 19:00:00+05:00,36.0,38.57,15.1,0.0,59.6,24.3,342.0,16.1,16.3,64.0,83
2025-09-05 20:00:00+05:00,35.0,41.52,18.4,0.0,57.5,24.0,344.0,20.0,15.0,46.0,84
2025-09-05 21:00:00+05:00,35.0,41.52,20.5,0.0,57.3,24.5,326.0,21.9,14.9,40.0,84
2025-09-05 22:00:00+05:00,34.0,46.67,21.8,0.0,56.3,25.0,297.0,22.9,15.3,39.0,84
2025-09-05 23:00:00+05:00,34.0,43.9,22.3,0.0,56.0,25.8,273.0,22.9,15.3,39.0,85
2025-09-06 00:00:00+05:00,32.0,52.25,22.3,0.0,55.6,26.4,263.0,21.7,14.4,39.0,85
2025-09-06 01:00:00+05:00,31.0,60.39,11.9,0.0,56.0,26.3,258.0,19.7,13.0,40.0,85
2025-09-06 02:00:00+05:00,31.0,58.8,7.6,0.0,55.9,26.0,252.0,18.1,12.0,40.0,85
2025-09-06 03:00:00+05:00,31.0,58.8,22.3,0.0,55.9,26.1,232.0,17.6,11.3,38.0,85
2025-09-06 04:00:00+05:00,30.8,65.97,20.1,0.0,56.1,26.3,210.0,17.6,10.8,35.0,85
2025-09-06 05:00:00+05:00,29.0,65.97,13.0,0.0,42.4,20.9,132.0,6.9,7.8,62.0,72
2025-09-06 06:00:00+05:00,29.0,65.97,20.5,0.0,42.7,21.0,173.0,7.2,8.9,64.0,73
2025-09-06 07:00:00+05:00,29.2,70.65,16.2,0.0,61.2,26.6,230.0,7.5,10.4,66.0,73
2025-09-06 08:00:00+05:00,29.0,70.1,16.6,0.0,54.6,23.4,263.0,7.3,11.6,71.0,74
2025-09-06 09:00:00+05:00,29.0,65.97,16.6,0.0,55.6,24.2,249.0,6.2,12.3,79.0,74
2025-09-06 10:00:00+05:00,28.4,70.16,15.8,0.0,56.2,24.7,211.0,4.5,12.7,90.0,74
2025-09-06 11:00:00+05:00,28.0,69.91,16.6,0.0,56.2,24.9,183.0,3.3,12.8,97.0,74
2025-09-06 12:00:00+05:00,29.0,70.1,18.4,0.0,55.2,24.7,177.0,2.8,12.4,99.0,74
2025-09-06 13:00:00+05:00,30.0,66.97,16.9,0.0,54.5,24.4,180.0,2.8,11.7,99.0,75
2025-09-06 14:00:00+05:00,32.0,52.25,18.4,0.0,53.9,24.0,188.0,3.0,11.2,96.0,75
2025-09-06 15:00:00+05:00,33.0,49.39,24.1,0.0,52.7,23.4,202.0,3.4,11.0,92.0,75
2025-09-06 16:00:00+05:00,33.2,51.89,30.2,0.0,51.8,22.6,220.0,4.1,10.9,85.0,75
2025-09-06 17:00:00+05:00,34.0,46.69,35.3,0.0,53.3,22.3,230.0,5.7,11.2,78.0,75
2025-09-06 18:00:00+05:00,34.0,46.69,31.7,0.0,52.2,21.5,225.0,8.7,11.3,70.0,74
2025-09-06 19:00:00+05:00,34.0,49.38,31.6,0.0,50.5,20.7,211.0,12.8,11.5,58.0,74
2025-09-06 20:00:00+05:00,34.0,46.69,35.3,0.0,45.5,20.5,201.0,15.7,11.5,50.0,74
2025-09-06 21:00:00+05:00,34.0,46.69,33.5,0.0,45.6,20.5,200.0,16.5,11.2,47.0,74
2025-09-06 22:00:00+05:00,33.0,51.84,29.1,0.0,44.7,20.1,202.0,16.1,10.6,47.0,73
2025-09-06 23:00:00+05:00,32.0,55.55,33.5,0.0,43.2,19.4,197.0,14.9,10.0,48.0,73
2025-09-07 00:00:00+05:00,31.0,58.8,31.7,0.0,41.9,18.6,179.0,12.6,9.2,51.0,72
2025-09-07 01:00:00+05:00,30.6,63.57,22.9,0.0,40.4,17.6,154.0,9.5,8.2,55.0,72
2025-09-07 02:00:00+05:00,30.0,62.27,24.1,0.0,39.5,17.0,136.0,7.1,7.5,58.0,72
2025-09-07 03:00:00+05:00,30.0,66.17,25.9,0.0,38.6,16.8,126.0,6.1,7.1,59.0,71
2025-09-07 04:00:00+05:00,29.2,71.83,20.8,0.0,38.0,16.6,124.0,5.8,6.9,60.0,71
2025-10-04 05:00:00+05:00,27.0,78.77,24.1,0.0,24.6,13.4,231.0,9.1,6.7,66.0,64
2025-10-04 06:00:00+05:00,27.0,78.77,18.4,0.0,25.2,14.0,278.0,12.6,7.7,64.0,64
2025-10-04 07:00:00+05:00,27.0,76.49,16.9,0.0,27.2,15.8,342.0,17.2,9.1,62.0,64
2025-10-04 08:00:00+05:00,26.0,78.63,9.4,0.0,28.3,16.5,379.0,19.3,10.9,66.0,63
2025-10-04 09:00:00+05:00,26.0,83.56,13.0,0.0,33.8,16.8,362.0,16.6,13.5,83.0,63
2025-10-04 10:00:00+05:00,26.0,85.18,10.1,0.0,36.6,17.6,317.0,11.5,16.5,107.0,63
2025-10-04 11:00:00+05:00,26.0,83.56,9.4,0.0,38.4,17.8,284.0,7.4,18.2,124.0,63
2025-10-04 12:00:00+05:00,26.0,78.63,14.8,0.0,38.3,17.4,278.0,5.5,17.7,130.0,63
2025-10-04 13:00:00+05:00,27.2,75.24,13.0,0.0,37.8,16.6,282.0,4.6,16.0,130.0,63
2025-10-04 14:00:00+05:00,29.0,65.97,20.5,0.0,37.8,16.1,292.0,4.6,14.6,127.0,63
2025-10-04 15:00:00+05:00,30.0,62.27,14.8,0.0,38.0,16.1,306.0,5.2,14.1,120.0,63
2025-10-04 16:00:00+05:00,32.0,50.11,19.7,0.0,39.7,16.4,324.0,6.7,13.9,110.0,63
2025-10-04 17:00:00+05:00,34.0,36.38,22.3,0.0,37.3,15.7,341.0,10.6,14.0,99.0,65
2025-10-04 18:00:00+05:00,35.0,36.65,18.4,0.0,38.3,16.8,358.0,16.6,14.0,85.0,68
2025-10-04 19:00:00+05:00,33.8,47.3,21.8,0.0,39.3,18.0,374.0,24.9,13.9,66.0,63
2025-10-04 20:00:00+05:00,34.0,43.9,29.5,0.0,40.2,20.2,380.0,31.0,13.7,51.0,61
2025-10-04 21:00:00+05:00,33.0,49.39,31.7,0.0,41.9,21.7,369.0,33.4,13.5,45.0,61
2025-10-04 22:00:00+05:00,31.8,50.26,21.8,0.0,43.2,22.8,348.0,33.7,13.2,43.0,61
2025-10-04 23:00:00+05:00,30.0,55.07,18.4,0.0,43.7,23.1,323.0,32.2,12.5,44.0,61
2025-10-05 00:00:00+05:00,29.0,62.05,16.6,0.0,43.4,22.7,293.0,28.3,11.0,46.0,61
2025-10-05 01:00:00+05:00,29.0,61.71,18.4,0.0,43.1,22.3,258.0,22.6,9.1,51.0,61
2025-10-05 02:00:00+05:00,29.0,51.49,16.6,0.0,43.2,21.6,233.0,17.7,7.6,55.0,62
2025-10-05 03:00:00+05:00,28.0,58.1,14.8,0.0,42.4,20.7,216.0,14.0,6.9,59.0,62
2025-10-05 04:00:00+05:00,28.0,65.08,13.3,0.0,41.0,19.6,208.0,11.1,6.5,62.0,63
2025-10-05 05:00:00+05:00,30.0,45.63,22.3,0.0,54.6,27.5,216.0,19.9,11.8,28.0,86
2025-10-05 06:00:00+05:00,29.0,45.36,18.4,0.0,55.9,27.9,285.0,18.5,13.9,35.0,85
2025-10-05 07:00:00+05:00,29.2,45.16,11.2,0.0,73.3,30.0,381.0,16.4,17.0,44.0,85
2025-10-05 08:00:00+05:00,29.0,42.54,7.6,0.0,80.3,30.7,433.0,14.0,19.9,58.0,85
2025-10-05 09:00:00+05:00,28.0,45.09,5.4,0.0,85.9,32.6,393.0,11.1,22.7,79.0,85
2025-10-05 10:00:00+05:00,27.2,53.13,6.8,0.0,90.3,35.3,308.0,7.9,25.5,103.0,85
2025-10-05 11:00:00+05:00,27.0,50.97,0.0,0.0,91.5,36.8,245.0,5.5,26.8,121.0,85
2025-10-05 12:00:00+05:00,29.0,45.36,5.4,0.0,89.9,36.6,231.0,4.2,25.9,130.0,86
2025-10-05 13:00:00+05:00,30.6,44.94,3.3,0.0,88.9,35.9,238.0,3.8,23.6,133.0,86
2025-10-05 14:00:00+05:00,33.0,31.74,7.6,0.0,86.1,34.5,249.0,4.0,21.3,131.0,86
2025-10-05 15:00:00+05:00,34.0,28.12,7.6,0.0,81.7,32.8,259.0,5.0,19.1,121.0,86
2025-10-05 16:00:00+05:00,35.8,25.63,7.1,0.0,77.3,31.2,272.0,6.6,16.7,105.0,87
2025-10-05 17:00:00+05:00,38.0,19.78,5.4,0.0,59.1,25.1,281.0,8.9,15.9,93.0,87
2025-10-05 18:00:00+05:00,38.0,22.56,9.4,0.0,60.3,25.4,286.0,11.9,15.4,80.0,86
2025-10-05 19:00:00+05:00,37.0,34.51,24.0,0.0,61.5,26.1,287.0,16.1,14.6,62.0,86
2025-10-05 20:00:00+05:00,37.0,28.92,27.7,0.0,62.4,26.9,283.0,19.1,13.9,48.0,86
2025-10-05 21:00:00+05:00,36.0,28.66,25.9,0.0,63.3,27.5,271.0,20.1,13.6,43.0,87
2025-10-05 22:00:00+05:00,34.1,48.47,25.9,0.0,61.9,27.9,253.0,19.9,13.3,43.0,87
2025-10-05 23:00:00+05:00,33.0,58.55,23.4,0.0,63.1,28.2,234.0,18.8,12.7,44.0,87
2025-10-06 00:00:00+05:00,29.1,78.13,23.4,0.0,63.3,28.0,211.0,16.2,11.2,47.0,87
2025-10-06 01:00:00+05:00,30.6,71.67,14.8,0.0,63.3,27.3,186.0,12.7,9.2,52.0,88
2025-10-06 02:00:00+05:00,29.6,81.51,18.4,0.0,62.2,26.7,172.0,9.9,7.8,56.0,88
2025-10-06 03:00:00+05:00,28.0,85.8,17.6,0.0,59.3,26.3,169.0,8.2,7.2,58.0,88
2025-10-06 04:00:00+05:00,29.6,74.56,14.8,0.0,57.0,25.9,176.0,7.2,7.3,58.0,88
2025-10-06 05:00:00+05:00,29.0,65.97,14.8,0.0,37.5,17.4,134.0,6.1,7.3,62.0,70
2025-10-06 06:00:00+05:00,29.0,70.1,18.4,0.0,38.4,17.8,172.0,6.4,8.3,65.0,70
2025-10-06 07:00:00+05:00,29.0,69.22,19.3,0.0,45.4,19.7,222.0,6.8,9.7,69.0,70
2025-10-06 08:00:00+05:00,29.0,70.1,14.8,0.0,48.4,20.3,253.0,6.7,10.7,74.0,69
2025-10-06 09:00:00+05:00,29.0,70.1,14.8,0.0,49.6,20.8,242.0,5.7,11.1,82.0,69
2025-10-06 10:00:00+05:00,28.4,75.79,14.8,0.0,51.2,21.4,212.0,4.2,11.3,90.0,68
2025-10-06 11:00:00+05:00,28.0,78.91,16.6,0.0,52.3,21.7,188.0,3.1,11.2,96.0,68
2025-10-06 12:00:00+05:00,29.0,74.46,18.4,0.0,52.0,21.7,182.0,2.7,10.8,97.0,68
2025-10-06 13:00:00+05:00,30.0,69.57,18.4,0.0,51.3,21.5,183.0,2.6,10.3,96.0,68
2025-10-06 14:00:00+05:00,31.0,62.49,33.5,0.0,50.6,21.2,190.0,2.8,9.9,93.0,67
2025-10-06 15:00:00+05:00,32.0,55.55,31.7,0.0,49.1,20.8,205.0,3.2,9.9,89.0,67
2025-10-06 16:00:00+05:00,32.0,58.43,27.5,0.0,47.4,20.2,226.0,4.0,10.0,84.0,67
2025-10-06 17:00:00+05:00,33.0,55.79,35.3,0.0,63.8,25.9,239.0,5.4,10.7,78.0,67
2025-10-06 18:00:00+05:00,34.0,49.64,40.7,0.0,60.3,24.9,236.0,7.1,10.8,72.0,67
2025-10-06 19:00:00+05:00,33.8,53.05,29.4,0.0,58.3,24.3,225.0,9.4,10.9,64.0,67
2025-10-06 20:00:00+05:00,34.0,46.69,37.1,0.0,52.3,23.2,217.0,11.4,10.9,58.0,68
2025-10-06 21:00:00+05:00,34.0,49.64,38.9,0.0,50.2,23.0,220.0,12.9,10.8,54.0,68
2025-10-06 22:00:00+05:00,33.0,52.85,30.5,0.0,49.8,23.0,227.0,14.0,10.7,53.0,68
2025-10-06 23:00:00+05:00,32.0,52.25,29.5,0.0,50.2,23.1,223.0,14.1,10.4,52.0,68
2025-10-07 00:00:00+05:00,31.0,58.8,33.5,0.0,48.9,22.5,197.0,12.5,9.8,54.0,69
2025-10-07 01:00:00+05:00,30.2,68.3,21.8,0.0,46.9,21.5,162.0,10.0,8.9,57.0,69
2025-10-07 02:00:00+05:00,30.0,66.17,14.8,0.0,44.7,20.4,136.0,8.0,8.3,59.0,69
2025-10-07 03:00:00+05:00,30.0,66.17,18.4,0.0,43.7,19.8,127.0,7.1,7.8,59.0,70
2025-10-07 04:00:00+05:00,30.0,69.57,21.2,0.0,42.5,19.3,128.0,6.7,7.5,59.0,70
2025-11-04 05:00:00+05:00,27.0,74.13,18.4,0.0,36.4,18.1,221.0,9.0,6.7,64.0,63
2025-11-04 06:00:00+05:00,27.0,78.77,16.6,0.0,36.3,17.9,279.0,11.2,7.5,63.0,64
2025-11-04 07:00:00+05:00,27.0,79.35,18.4,0.0,39.3,20.0,359.0,14.1,8.7,62.0,64
2025-11-04 08:00:00+05:00,25.3,89.24,11.5,0.0,44.6,21.6,404.0,15.3,10.2,67.0,65
2025-11-04 09:00:00+05:00,26.0,83.56,14.8,0.0,50.4,22.6,377.0,13.1,12.4,82.0,65
2025-11-04 10:00:00+05:00,26.4,82.22,16.9,0.0,53.7,23.9,315.0,9.3,14.8,102.0,66
2025-11-04 11:00:00+05:00,26.0,83.56,18.4,0.0,56.0,24.7,269.0,6.2,16.3,118.0,66
2025-11-04 12:00:00+05:00,27.0,78.77,18.4,0.0,56.5,24.6,257.0,4.8,16.1,125.0,67
2025-11-04 13:00:00+05:00,27.2,78.06,14.8,0.0,56.0,23.9,261.0,4.2,14.9,127.0,67
2025-11-04 14:00:00+05:00,29.0,65.97,14.8,0.0,54.8,23.1,275.0,4.5,13.9,126.0,68
2025-11-04 15:00:00+05:00,30.0,62.27,22.3,0.0,53.3,22.3,301.0,5.8,13.6,121.0,69
2025-11-04 16:00:00+05:00,31.8,55.2,18.4,0.0,50.6,21.4,336.0,8.1,13.5,114.0,69
2025-11-04 17:00:00+05:00,33.0,49.39,24.1,0.0,51.0,21.5,370.0,10.7,13.3,104.0,70
2025-11-04 18:00:00+05:00,34.0,43.9,22.3,0.0,45.8,21.5,393.0,15.8,12.4,92.0,70
2025-11-04 19:00:00+05:00,34.6,45.12,23.7,0.0,40.7,22.4,415.0,22.6,11.2,76.0,71
2025-11-04 20:00:00+05:00,35.0,34.41,20.5,0.0,43.5,23.4,451.0,27.1,10.2,65.0,71
2025-11-04 21:00:00+05:00,34.0,41.25,20.5,0.0,48.5,24.5,537.0,27.0,9.6,64.0,71
2025-11-04 22:00:00+05:00,32.2,54.37,21.8,0.0,54.6,26.0,638.0,24.4,9.2,67.0,71
2025-11-04 23:00:00+05:00,31.0,55.31,24.1,0.0,59.3,27.1,667.0,21.8,8.9,70.0,72
2025-11-05 00:00:00+05:00,29.0,58.34,18.4,0.0,61.0,27.5,554.0,19.7,8.5,70.0,72
2025-11-05 01:00:00+05:00,28.2,67.58,14.8,0.0,60.8,27.2,368.0,17.5,8.2,70.0,73
2025-11-05 02:00:00+05:00,28.0,65.76,9.4,0.0,65.4,28.1,230.0,15.6,8.1,70.0,73
2025-11-05 03:00:00+05:00,28.0,69.91,11.2,0.0,67.3,28.1,176.0,13.4,8.3,71.0,74
2025-11-05 04:00:00+05:00,27.8,76.61,12.2,0.0,65.0,27.2,170.0,11.6,8.7,72.0,74
2025-11-05 05:00:00+05:00,29.0,82.9,20.9,0.0,56.9,25.5,200.0,6.9,7.9,60.0,88
2025-11-05 06:00:00+05:00,28.2,85.31,21.2,0.0,56.0,25.8,263.0,8.9,9.7,59.0,88
2025-11-05 07:00:00+05:00,29.6,74.56,11.2,0.0,62.4,27.9,344.0,11.6,12.3,60.0,87
2025-11-05 08:00:00+05:00,27.4,87.29,16.9,0.0,71.9,30.0,387.0,12.8,14.7,65.0,87
2025-11-05 09:00:00+05:00,27.7,85.26,15.8,0.0,78.7,31.8,356.0,11.2,16.8,82.0,87
2025-11-05 10:00:00+05:00,28.6,81.39,7.6,0.0,82.9,33.6,288.0,8.1,18.8,103.0,87
2025-11-05 11:00:00+05:00,27.7,87.32,14.0,0.0,85.0,35.3,237.0,5.6,19.7,119.0,87
2025-11-05 12:00:00+05:00,29.2,81.95,15.8,0.0,84.1,35.2,224.0,4.4,18.9,123.0,87
2025-11-05 13:00:00+05:00,29.6,78.2,14.8,0.0,81.7,34.2,227.0,3.7,17.0,120.0,87
2025-11-05 14:00:00+05:00,29.0,78.58,16.9,0.0,78.9,33.1,238.0,3.7,15.4,115.0,86
2025-11-05 15:00:00+05:00,32.6,65.9,18.0,0.0,76.4,32.0,258.0,4.3,14.6,108.0,86
2025-11-05 16:00:00+05:00,34.1,61.67,18.4,0.0,74.0,31.0,285.0,5.6,14.0,98.0,86
2025-11-05 17:00:00+05:00,32.3,62.39,21.6,0.0,106.4,43.9,305.0,8.2,14.9,90.0,86
2025-11-05 18:00:00+05:00,34.2,55.08,24.1,0.0,104.3,43.8,312.0,11.0,14.8,81.0,88
2025-11-05 19:00:00+05:00,34.6,56.51,22.3,0.0,99.4,43.4,311.0,14.9,14.7,68.0,90
2025-11-05 20:00:00+05:00,33.1,60.0,24.5,0.0,95.7,43.5,302.0,17.8,14.3,59.0,91
2025-11-05 21:00:00+05:00,32.4,63.17,25.2,0.0,87.8,43.3,283.0,19.2,13.4,56.0,93
2025-11-05 22:00:00+05:00,33.1,61.46,22.3,0.0,87.5,43.2,257.0,19.7,12.2,56.0,94
2025-11-05 23:00:00+05:00,31.9,70.63,20.5,0.0,86.6,43.1,232.0,19.2,11.1,57.0,95
2025-11-06 00:00:00+05:00,28.5,82.85,19.4,0.0,85.4,42.4,210.0,17.2,10.3,60.0,97
2025-11-06 01:00:00+05:00,30.6,71.67,11.2,0.0,84.3,41.2,189.0,14.3,9.6,64.0,98
2025-11-06 02:00:00+05:00,29.2,83.91,19.1,0.0,83.8,40.0,175.0,11.8,9.0,67.0,99
2025-11-06 03:00:00+05:00,28.4,85.84,18.0,0.0,82.0,38.8,169.0,10.2,8.1,68.0,100
2025-11-06 04:00:00+05:00,30.1,75.08,14.8,0.0,80.3,37.7,169.0,9.0,7.2,68.0,102
2025-11-06 05:00:00+05:00,30.0,66.17,22.3,0.0,40.2,18.6,141.0,6.6,7.7,60.0,70
2025-11-06 06:00:00+05:00,30.0,66.17,20.5,0.0,40.9,18.8,178.0,6.9,8.8,62.0,70
2025-11-06 07:00:00+05:00,29.2,75.92,17.3,0.0,46.9,20.3,227.0,7.3,10.3,65.0,70
2025-11-06 08:00:00+05:00,29.0,74.46,22.3,0.0,49.8,20.1,255.0,7.2,11.4,70.0,70
2025-11-06 09:00:00+05:00,29.0,74.46,20.5,0.0,51.1,20.5,242.0,6.0,11.8,78.0,70
2025-11-06 10:00:00+05:00,29.2,75.92,17.9,0.0,51.3,21.0,209.0,4.4,11.8,87.0,70
2025-11-06 11:00:00+05:00,29.0,74.46,20.5,0.0,50.8,21.1,185.0,3.1,11.6,94.0,70
2025-11-06 12:00:00+05:00,29.0,74.46,14.8,0.0,49.2,20.9,182.0,2.6,11.1,95.0,70
2025-11-06 13:00:00+05:00,30.2,73.38,22.3,0.0,48.7,20.7,188.0,2.5,10.5,94.0,70
2025-11-06 14:00:00+05:00,30.0,70.28,27.7,0.0,49.1,20.6,199.0,2.8,10.1,91.0,70
2025-11-06 15:00:00+05:00,31.0,66.37,25.9,0.0,48.4,20.6,217.0,3.4,10.3,87.0,70
2025-11-06 16:00:00+05:00,31.2,67.37,26.7,0.0,47.8,20.4,240.0,4.4,10.7,83.0,70
2025-11-06 17:00:00+05:00,32.0,59.03,33.5,0.0,61.7,25.1,254.0,5.8,12.3,80.0,70
2025-11-06 18:00:00+05:00,32.0,59.03,31.7,0.0,58.3,25.0,251.0,8.0,12.5,73.0,70
2025-11-06 19:00:00+05:00,33.2,55.94,29.4,0.0,54.0,24.6,239.0,11.1,12.7,63.0,70
2025-11-06 20:00:00+05:00,33.0,52.5,33.5,0.0,48.5,24.3,226.0,13.3,12.6,55.0,70
2025-11-06 21:00:00+05:00,33.0,52.5,29.5,0.0,44.8,24.2,216.0,14.1,12.0,52.0,70
2025-11-06 22:00:00+05:00,32.8,58.85,28.0,0.0,43.3,23.5,205.0,14.0,11.1,52.0,70
2025-11-06 23:00:00+05:00,32.0,59.03,27.7,0.0,42.5,23.1,192.0,13.2,10.3,52.0,70
2025-11-07 00:00:00+05:00,31.0,66.37,27.7,0.0,38.3,20.8,175.0,11.4,9.5,53.0,70
2025-11-07 01:00:00+05:00,30.2,72.18,22.9,0.0,35.9,19.4,156.0,9.0,8.8,55.0,70
2025-11-07 02:00:00+05:00,30.0,74.62,25.9,0.0,33.5,18.2,142.0,7.1,8.2,57.0,70
2025-11-07 03:00:00+05:00,30.0,70.28,18.4,0.0,31.2,17.1,131.0,6.2,7.7,57.0,70
2025-11-07 04:00:00+05:00,30.0,73.35,16.8,0.0,29.7,16.2,124.0,5.7,7.2,57.0,70
2025-12-04 05:00:00+05:00,27.0,78.77,16.6,0.0,44.9,21.8,222.0,9.7,7.8,75.0,75
2025-12-04 06:00:00+05:00,27.0,78.77,11.2,0.0,43.9,21.3,393.0,15.3,8.4,71.0,75
2025-12-04 07:00:00+05:00,27.0,82.23,9.0,0.0,43.4,22.5,622.0,22.8,9.4,66.0,76
2025-12-04 08:00:00+05:00,26.0,83.56,9.4,0.0,40.3,23.7,741.0,26.5,10.5,69.0,76
2025-12-04 09:00:00+05:00,26.0,83.56,11.2,0.0,47.0,22.9,638.0,22.6,12.1,88.0,76
2025-12-04 10:00:00+05:00,26.2,85.2,12.2,0.0,51.8,22.6,425.0,14.8,13.9,116.0,76
2025-12-04 11:00:00+05:00,25.0,88.14,14.4,0.0,56.1,22.8,264.0,8.6,15.0,135.0,76
2025-12-04 12:00:00+05:00,26.0,83.56,7.6,0.0,55.4,22.3,224.0,6.1,14.7,139.0,76
2025-12-04 13:00:00+05:00,27.2,79.37,16.2,0.0,53.3,21.3,237.0,5.2,13.7,135.0,75
2025-12-04 14:00:00+05:00,30.0,58.57,20.5,0.0,52.2,20.6,262.0,5.2,12.9,128.0,75
2025-12-04 15:00:00+05:00,31.0,48.87,18.4,0.0,53.6,20.1,290.0,5.9,12.6,121.0,75
2025-12-04 16:00:00+05:00,34.0,35.25,14.4,0.0,53.7,19.7,331.0,7.4,12.5,111.0,75
2025-12-04 17:00:00+05:00,38.0,16.17,16.6,0.0,48.4,17.0,371.0,11.0,12.4,100.0,75
2025-12-04 18:00:00+05:00,39.0,18.74,20.5,0.0,40.5,17.0,415.0,15.1,11.7,88.0,76
2025-12-04 19:00:00+05:00,38.6,19.78,23.4,0.0,35.7,17.9,459.0,20.7,10.6,72.0,74
2025-12-04 20:00:00+05:00,38.0,16.17,27.7,0.0,33.6,17.4,478.0,24.2,9.8,61.0,73
2025-12-04 21:00:00+05:00,36.0,28.66,27.7,0.0,31.5,17.2,459.0,23.9,9.5,58.0,73
2025-12-04 22:00:00+05:00,34.8,35.74,20.8,0.0,29.3,16.9,415.0,21.4,9.5,60.0,72
2025-12-04 23:00:00+05:00,33.0,40.98,27.7,0.0,27.1,16.3,365.0,18.5,9.2,62.0,71
2025-12-05 00:00:00+05:00,31.0,55.31,18.4,0.0,25.8,14.9,305.0,15.1,8.3,65.0,71
2025-12-05 01:00:00+05:00,29.0,69.22,15.8,0.0,25.4,13.3,238.0,11.1,7.2,68.0,69
2025-12-05 02:00:00+05:00,29.0,74.46,18.4,0.0,25.8,12.4,192.0,8.1,6.4,71.0,68
2025-12-05 03:00:00+05:00,28.0,74.29,18.4,0.0,25.7,11.9,172.0,6.4,6.2,72.0,67
2025-12-05 04:00:00+05:00,28.0,75.37,13.3,0.0,26.1,11.9,173.0,5.7,6.4,71.0,65
2025-12-05 05:00:00+05:00,29.0,82.41,19.8,0.0,71.2,35.7,183.0,8.8,7.5,69.0,103
2025-12-05 06:00:00+05:00,28.1,83.79,17.3,0.0,71.2,35.5,223.0,9.2,9.2,73.0,104
2025-12-05 07:00:00+05:00,29.1,78.13,14.8,0.0,85.0,36.8,276.0,9.8,11.6,79.0,105
2025-12-05 08:00:00+05:00,27.3,92.08,16.2,0.0,89.6,36.0,305.0,9.6,13.6,87.0,106
2025-12-05 09:00:00+05:00,27.5,91.55,16.9,0.0,89.6,35.4,288.0,8.0,14.9,99.0,107
2025-12-05 10:00:00+05:00,28.6,77.13,14.8,0.0,92.2,35.2,248.0,5.7,15.9,112.0,107
2025-12-05 11:00:00+05:00,28.7,86.38,17.3,0.0,95.9,35.2,219.0,3.9,16.2,121.0,107
2025-12-05 12:00:00+05:00,29.8,81.06,19.4,0.0,102.9,34.8,214.0,3.1,15.6,122.0,107
2025-12-05 13:00:00+05:00,29.6,72.35,11.2,0.0,100.8,33.5,219.0,2.9,14.4,119.0,107
2025-12-05 14:00:00+05:00,29.0,78.58,23.0,0.0,96.2,31.8,228.0,3.2,13.4,115.0,107
2025-12-05 15:00:00+05:00,32.2,65.04,24.5,0.0,92.0,29.9,240.0,3.8,13.0,110.0,107
2025-12-05 16:00:00+05:00,32.6,60.98,18.4,0.0,85.4,27.6,256.0,4.8,12.7,104.0,107
2025-12-05 17:00:00+05:00,31.6,66.49,26.3,0.0,68.5,22.1,269.0,6.4,13.2,97.0,106
2025-12-05 18:00:00+05:00,33.4,60.43,27.0,0.0,59.5,20.0,276.0,8.5,13.4,90.0,104
2025-12-05 19:00:00+05:00,34.1,56.39,25.9,0.0,50.2,18.4,280.0,11.4,13.6,81.0,101
2025-12-05 20:00:00+05:00,32.7,63.23,24.8,0.0,42.4,17.6,282.0,13.7,13.4,73.0,99
2025-12-05 21:00:00+05:00,32.2,63.89,25.2,0.0,35.6,17.2,285.0,15.0,12.6,69.0,97
2025-12-05 22:00:00+05:00,32.2,59.75,25.6,0.0,31.8,16.6,286.0,15.8,11.3,67.0,94
2025-12-05 23:00:00+05:00,32.0,59.03,27.7,0.0,29.3,16.6,277.0,15.9,10.2,66.0,92
2025-12-06 00:00:00+05:00,31.0,62.49,22.3,0.0,27.6,16.8,250.0,15.0,9.3,66.0,90
2025-12-06 01:00:00+05:00,30.0,65.81,18.2,0.0,26.1,16.4,214.0,13.4,8.5,67.0,87
2025-12-06 02:00:00+05:00,30.0,66.17,13.0,0.0,24.9,15.7,187.0,11.8,7.8,68.0,85
2025-12-06 03:00:00+05:00,30.0,70.28,22.3,0.0,24.2,15.1,174.0,10.2,7.2,69.0,83
2025-12-06 04:00:00+05:00,29.0,74.46,18.4,0.0,24.5,14.9,171.0,8.7,6.7,71.0,81
2025-12-06 05:00:00+05:00,30.0,70.28,16.6,0.0,27.9,15.8,132.0,5.7,7.3,57.0,69
2025-12-06 06:00:00+05:00,30.0,70.28,16.6,0.0,28.6,15.8,170.0,6.5,8.3,58.0,69
2025-12-06 07:00:00+05:00,29.0,74.46,18.4,0.0,32.0,16.8,223.0,7.6,9.7,59.0,69
2025-12-06 08:00:00+05:00,29.0,79.05,16.6,0.0,38.1,18.1,255.0,7.9,11.0,63.0,68
2025-12-06 09:00:00+05:00,29.0,79.05,22.3,0.0,41.0,18.9,244.0,6.9,12.2,73.0,68
2025-12-06 10:00:00+05:00,29.0,79.05,14.8,0.0,43.1,20.1,213.0,5.1,13.3,86.0,68
2025-12-06 11:00:00+05:00,29.0,79.05,25.9,0.0,45.9,21.0,189.0,3.8,13.9,95.0,68
2025-12-06 12:00:00+05:00,30.0,74.62,20.5,0.0,48.0,21.4,184.0,3.2,13.6,98.0,68
2025-12-06 13:00:00+05:00,30.2,74.83,18.8,0.0,50.2,21.5,188.0,3.1,12.9,98.0,68
2025-12-06 14:00:00+05:00,32.0,62.7,20.5,0.0,48.8,21.0,197.0,3.3,12.2,96.0,68
2025-12-06 15:00:00+05:00,33.0,55.79,29.5,0.0,47.5,20.3,217.0,4.0,11.9,91.0,68
2025-12-06 16:00:00+05:00,33.8,57.02,27.0,0.0,44.5,19.2,243.0,5.1,11.6,84.0,68
2025-12-06 17:00:00+05:00,36.0,44.43,33.5,0.0,37.0,15.9,257.0,7.2,12.8,78.0,68
2025-12-06 18:00:00+05:00,37.0,42.06,31.7,0.0,32.5,15.0,250.0,9.5,12.6,69.0,67
2025-12-06 19:00:00+05:00,35.0,53.73,25.9,0.0,27.0,13.8,232.0,12.6,12.2,57.0,66
2025-12-06 20:00:00+05:00,35.0,49.9,31.7,0.0,24.3,13.4,215.0,15.0,11.9,48.0,65
2025-12-06 21:00:00+05:00,35.0,49.9,31.7,0.0,22.8,13.5,206.0,16.1,11.6,45.0,64
2025-12-06 22:00:00+05:00,34.0,57.34,24.5,0.0,23.6,14.1,199.0,16.4,11.2,44.0,63
2025-12-06 23:00:00+05:00,33.0,55.79,27.7,0.0,23.1,14.1,189.0,15.9,10.8,45.0,63
2025-12-07 00:00:00+05:00,32.0,59.03,27.7,0.0,23.4,14.2,173.0,14.2,10.1,46.0,62
2025-12-07 01:00:00+05:00,30.8,69.67,22.3,0.0,23.5,13.8,154.0,11.8,9.3,48.0,61
2025-12-07 02:00:00+05:00,30.0,66.17,27.7,0.0,23.6,13.3,140.0,9.8,8.7,50.0,61
2025-12-07 03:00:00+05:00,30.0,74.62,13.0,0.0,23.9,12.9,130.0,8.6,8.2,50.0,60
2025-12-07 04:00:00+05:00,30.0,77.3,15.8,0.0,24.2,12.7,126.0,7.9,8.0,50.0,60
