datetime,temp_C,humidity_%,windspeed_kph,precip_mm
2025-04-01 00:00:00,25.0,61.15,11.2,0.0
2025-04-01 01:00:00,25.0,69.35,13.0,0.0
2025-04-01 02:00:00,24.6,71.59,4.6,0.0
2025-04-01 03:00:00,23.0,73.45,5.4,0.0
2025-04-01 04:00:00,22.0,73.28,3.6,0.0
2025-04-01 05:00:00,20.6,82.53,3.3,0.0
2025-04-01 06:00:00,19.0,82.75,5.4,0.0
2025-04-01 07:00:00,18.0,82.63,0.0,0.0
2025-04-01 08:00:00,23.8,60.88,6.3,0.0
2025-04-01 09:00:00,27.0,50.97,5.4,0.0
2025-04-01 10:00:00,32.0,29.47,7.6,0.0
2025-04-01 11:00:00,33.0,25.79,7.6,0.0
2025-04-01 12:00:00,36.0,16.84,13.0,0.0
2025-04-01 13:00:00,37.0,13.89,9.4,0.0
2025-04-01 14:00:00,37.8,22.8,18.4,0.0
2025-04-01 15:00:00,36.0,26.86,24.1,0.0
2025-04-01 16:00:00,35.0,28.39,24.1,0.0
2025-04-01 17:00:00,34.2,32.16,18.4,0.0
2025-04-01 18:00:00,32.0,38.2,22.3,0.0
2025-04-01 19:00:00,29.0,48.34,18.4,0.0
2025-04-01 20:00:00,28.2,51.29,8.6,0.0
2025-04-01 21:00:00,27.0,57.86,3.6,0.0
2025-04-01 22:00:00,26.0,57.62,9.4,0.0
2025-04-01 23:00:00,25.4,65.39,8.6,0.0
2025-04-02 00:00:00,26.0,57.62,5.4,0.0
2025-04-02 01:00:00,25.0,57.38,5.4,0.0
2025-04-02 02:00:00,23.4,64.48,6.0,0.0
2025-04-02 03:00:00,22.0,78.06,7.6,0.0
2025-04-02 04:00:00,20.0,88.27,9.4,0.0
2025-04-02 05:00:00,20.6,82.53,6.0,0.0
2025-04-02 06:00:00,19.0,88.18,9.4,0.0
2025-04-02 07:00:00,19.0,88.18,9.4,0.0
2025-04-02 08:00:00,23.2,70.86,4.6,0.0
2025-04-02 09:00:00,25.0,53.82,7.6,0.0
2025-04-02 10:00:00,30.0,25.27,7.6,0.0
2025-04-02 11:00:00,34.0,17.96,6.3,0.0
2025-04-02 12:00:00,36.0,11.87,7.6,0.0
2025-04-02 13:00:00,38.0,9.91,11.2,0.0
2025-04-02 14:00:00,38.0,9.01,15.8,0.0
2025-04-02 15:00:00,36.0,15.72,22.3,0.0
2025-04-02 16:00:00,36.0,18.04,20.5,0.0
2025-04-02 17:00:00,35.0,16.62,20.8,0.0
2025-04-02 18:00:00,32.0,27.58,22.3,0.0
2025-04-02 19:00:00,29.0,48.34,18.4,0.0
2025-04-02 20:00:00,27.2,67.39,12.2,0.0
2025-04-02 21:00:00,27.0,69.73,9.4,0.0
2025-04-02 22:00:00,26.0,78.63,5.4,0.0
2025-04-02 23:00:00,25.6,83.72,6.3,0.0
2025-04-03 00:00:00,25.0,83.45,3.6,0.0
2025-04-03 01:00:00,24.0,83.33,5.4,0.0
2025-04-03 02:00:00,23.4,84.91,2.2,0.0
2025-04-03 03:00:00,22.0,88.43,7.6,0.0
2025-04-03 04:00:00,21.0,88.35,3.6,0.0
2025-04-03 05:00:00,21.8,89.51,3.6,0.0
2025-04-03 06:00:00,21.0,88.35,3.6,0.0
2025-04-03 07:00:00,20.0,88.27,7.6,0.0
2025-04-03 08:00:00,23.4,88.12,2.2,0.0
2025-04-03 09:00:00,27.0,69.73,5.4,0.0
2025-04-03 10:00:00,31.0,45.9,11.2,0.0
2025-04-03 11:00:00,32.8,36.27,8.6,0.0
2025-04-03 12:00:00,35.0,30.28,14.8,0.0
2025-04-03 13:00:00,35.0,26.6,14.8,0.0
2025-04-03 14:00:00,35.0,32.11,15.8,0.0
2025-04-03 15:00:00,34.0,36.38,18.4,0.0
2025-04-03 16:00:00,34.0,38.75,20.5,0.0
2025-04-03 17:00:00,32.2,45.74,14.8,0.0
2025-04-03 18:00:00,31.0,45.9,22.3,0.0
2025-04-03 19:00:00,29.0,58.34,16.6,0.0
2025-04-03 20:00:00,28.2,67.58,7.6,0.0
2025-04-03 21:00:00,27.0,69.73,9.4,0.0
2025-04-03 22:00:00,27.0,74.13,11.2,0.0
2025-04-03 23:00:00,26.2,79.24,6.0,0.0
2025-04-04 00:00:00,25.0,78.49,7.6,0.0
2025-04-04 01:00:00,25.0,73.79,11.2,0.0
2025-04-04 02:00:00,25.4,69.09,9.7,0.0
2025-04-04 03:00:00,25.0,69.35,9.4,0.0
2025-04-04 04:00:00,24.0,64.92,5.4,0.0
2025-04-04 05:00:00,23.4,74.08,3.3,0.0
2025-04-04 06:00:00,21.0,77.91,11.2,0.0
2025-04-04 07:00:00,21.0,77.91,7.6,0.0
2025-04-04 08:00:00,24.6,71.59,4.7,0.0
2025-04-04 09:00:00,29.0,28.65,9.4,0.0
2025-04-04 10:00:00,33.0,21.31,9.4,0.0
2025-04-04 11:00:00,35.0,18.7,14.8,0.0
2025-04-04 12:00:00,37.0,14.89,13.0,0.0
2025-04-04 13:00:00,38.0,14.1,9.4,0.0
2025-04-04 14:00:00,38.4,16.97,8.6,0.0
2025-04-04 15:00:00,37.0,25.43,14.8,0.0
2025-04-04 16:00:00,36.0,28.66,16.6,0.0
2025-04-04 17:00:00,35.0,32.11,18.4,0.0
2025-04-04 18:00:00,33.0,33.86,14.8,0.0
2025-04-04 19:00:00,31.0,43.09,16.6,0.0
2025-04-04 20:00:00,29.2,50.0,11.9,0.0
2025-04-04 21:00:00,28.0,51.23,5.4,0.0
2025-04-04 22:00:00,28.0,42.27,5.4,0.0
2025-04-04 23:00:00,27.4,53.44,4.7,0.0
2025-04-05 00:00:00,27.0,50.97,7.6,0.0
2025-04-05 01:00:00,26.0,50.71,7.6,0.0
2025-04-05 02:00:00,26.4,55.0,7.6,0.0
2025-04-05 03:00:00,26.0,47.54,7.6,0.0
2025-04-05 04:00:00,26.0,47.54,7.6,0.0
2025-04-05 05:00:00,25.8,53.94,6.0,0.0
2025-04-05 06:00:00,25.0,53.82,7.6,0.0
2025-04-05 07:00:00,24.0,57.14,5.4,0.0
2025-04-05 08:00:00,26.8,65.95,11.2,0.0
2025-04-05 09:00:00,29.0,54.82,9.4,0.0
2025-04-05 10:00:00,30.0,48.6,9.4,0.0
2025-04-05 11:00:00,32.4,38.29,10.1,0.0
2025-04-05 12:00:00,36.0,25.17,13.0,0.0
2025-04-05 13:00:00,38.0,24.08,13.0,0.0
2025-04-05 14:00:00,38.6,21.42,19.7,0.0
2025-04-05 15:00:00,39.0,14.31,27.7,0.0
2025-04-05 16:00:00,39.0,13.35,22.3,0.0
2025-04-05 17:00:00,37.6,15.97,20.4,0.0
2025-04-05 18:00:00,36.0,15.72,16.6,0.0
2025-04-05 19:00:00,33.0,33.86,18.4,0.0
2025-04-05 20:00:00,30.0,52.48,11.2,0.0
2025-04-05 21:00:00,29.0,48.34,9.4,0.0
2025-04-05 22:00:00,28.0,48.08,11.2,0.0
2025-04-05 23:00:00,27.6,60.15,9.3,0.0
2025-04-06 00:00:00,26.0,61.38,5.4,0.0
2025-04-06 01:00:00,26.0,57.62,11.2,0.0
2025-04-06 02:00:00,27.0,54.29,14.0,0.0
2025-04-06 03:00:00,27.0,47.81,11.2,0.0
2025-04-06 04:00:00,26.0,54.07,9.4,0.0
2025-04-06 05:00:00,26.4,59.62,11.2,0.0
2025-04-06 06:00:00,26.0,57.62,11.2,0.0
2025-04-06 07:00:00,25.0,65.13,7.6,0.0
2025-04-06 08:00:00,28.0,60.29,9.7,0.0
2025-04-06 09:00:00,31.0,43.09,9.4,0.0
2025-04-06 10:00:00,33.0,31.74,9.4,0.0
2025-04-06 11:00:00,36.0,23.58,14.4,0.0
2025-04-06 12:00:00,38.0,13.15,18.4,0.0
2025-04-06 13:00:00,40.0,11.01,33.5,0.0
2025-04-06 14:00:00,39.0,18.36,28.6,0.0
2025-04-06 15:00:00,38.0,22.56,29.5,0.0
2025-04-06 16:00:00,37.0,19.54,31.7,0.0
2025-04-06 17:00:00,35.6,24.46,28.1,0.0
2025-04-06 18:00:00,35.0,23.32,22.3,0.0
2025-04-06 19:00:00,32.0,27.58,20.5,0.0
2025-04-06 20:00:00,30.6,31.45,15.5,0.0
2025-04-06 21:00:00,29.0,37.37,9.4,0.0
2025-04-06 22:00:00,28.0,39.6,11.2,0.0
2025-04-06 23:00:00,29.2,39.71,19.9,0.0
2025-04-07 00:00:00,29.0,37.37,14.8,0.0
2025-04-07 01:00:00,29.0,37.37,20.5,0.0
2025-04-07 02:00:00,29.0,36.02,19.7,0.0
2025-04-07 03:00:00,28.0,42.27,13.0,0.0
2025-04-07 04:00:00,28.0,42.27,11.2,0.0
2025-04-07 05:00:00,27.4,48.9,11.2,0.0
2025-04-07 06:00:00,27.0,50.97,9.4,0.0
2025-04-07 07:00:00,27.0,54.32,11.2,0.0
2025-04-07 08:00:00,28.2,55.72,17.3,0.0
2025-04-07 09:00:00,30.0,48.6,14.8,0.0
2025-04-07 10:00:00,32.0,38.2,18.4,0.0
2025-04-07 11:00:00,34.2,33.83,16.9,0.0
2025-04-07 12:00:00,36.0,28.66,24.1,0.0
2025-04-07 13:00:00,36.0,34.68,27.7,0.0
2025-04-07 14:00:00,34.6,37.72,25.6,0.0
2025-04-07 15:00:00,34.0,38.75,27.7,0.0
2025-04-07 16:00:00,34.0,38.75,29.5,0.0
2025-04-07 17:00:00,32.8,44.2,23.4,0.0
2025-04-07 18:00:00,31.0,43.09,25.9,0.0
2025-04-07 19:00:00,29.0,54.82,20.5,0.0
2025-04-07 20:00:00,28.2,56.83,14.4,0.0
2025-04-07 21:00:00,28.0,54.57,11.2,0.0
2025-04-07 22:00:00,27.0,57.86,5.4,0.0
2025-04-07 23:00:00,27.4,58.83,11.2,0.0
2025-04-08 00:00:00,27.0,57.86,9.4,0.0
2025-04-08 01:00:00,26.0,65.35,13.0,0.0
2025-04-08 02:00:00,26.4,70.99,8.6,0.0
2025-04-08 03:00:00,26.0,73.96,16.6,0.0
2025-04-08 04:00:00,26.0,78.63,13.0,0.0
2025-04-08 05:00:00,25.8,85.15,8.6,0.0
2025-04-08 06:00:00,25.0,88.68,9.4,0.0
2025-04-08 07:00:00,25.0,88.68,7.6,0.0
2025-04-08 08:00:00,27.0,80.87,7.6,0.0
2025-04-08 09:00:00,29.0,65.97,11.2,0.0
2025-04-08 10:00:00,30.0,55.07,20.5,0.0
2025-04-08 11:00:00,31.6,53.15,22.9,0.0
2025-04-08 12:00:00,32.0,52.25,24.1,0.0
2025-04-08 13:00:00,33.0,46.43,16.6,0.0
2025-04-08 14:00:00,33.6,41.12,19.7,0.0
2025-04-08 15:00:00,34.0,32.02,24.1,0.0
2025-04-08 16:00:00,34.0,28.12,22.3,0.0
2025-04-08 17:00:00,33.6,38.88,16.9,0.0
2025-04-08 18:00:00,32.0,38.2,11.2,0.0
2025-04-08 19:00:00,30.0,55.07,14.8,0.0
2025-04-08 20:00:00,28.8,62.87,10.8,0.0
2025-04-08 21:00:00,28.0,69.91,13.0,0.0
2025-04-08 22:00:00,27.0,74.13,7.6,0.0
2025-04-08 23:00:00,27.2,68.54,7.6,0.0
2025-04-09 00:00:00,27.0,61.6,7.6,0.0
2025-04-09 01:00:00,27.0,61.6,5.4,0.0
2025-04-09 02:00:00,25.6,77.82,6.1,0.0
2025-04-09 03:00:00,25.0,78.49,5.4,0.0
2025-04-09 04:00:00,25.0,83.45,5.4,0.0
2025-04-09 05:00:00,25.0,89.74,8.6,0.0
2025-04-09 06:00:00,25.0,88.68,14.8,0.0
2025-04-09 07:00:00,25.0,83.45,11.2,0.0
2025-04-09 08:00:00,26.2,83.79,13.3,0.0
2025-04-09 09:00:00,28.0,74.29,14.8,0.0
2025-04-09 10:00:00,30.0,58.57,18.4,0.0
2025-04-09 11:00:00,30.8,58.01,18.4,0.0
2025-04-09 12:00:00,32.0,46.17,22.3,0.0
2025-04-09 13:00:00,34.0,26.34,22.3,0.0
2025-04-09 14:00:00,34.8,31.47,20.8,0.0
2025-04-09 15:00:00,36.0,23.57,18.4,0.0
2025-04-09 16:00:00,36.0,32.56,27.7,0.0
2025-04-09 17:00:00,34.6,34.08,21.5,0.0
2025-04-09 18:00:00,33.0,36.1,13.0,0.0
2025-04-09 19:00:00,32.0,22.55,7.6,0.0
2025-04-09 20:00:00,31.0,33.55,11.2,0.0
2025-04-09 21:00:00,30.0,33.03,7.6,0.0
2025-04-09 22:00:00,29.0,37.37,13.0,0.0
2025-04-09 23:00:00,27.2,78.06,13.3,0.0
2025-04-10 00:00:00,27.0,78.77,24.1,0.0
2025-04-10 01:00:00,27.0,78.77,18.4,0.0
2025-04-10 02:00:00,27.0,76.49,16.9,0.0
2025-04-10 03:00:00,26.0,78.63,9.4,0.0
2025-04-10 04:00:00,26.0,83.56,13.0,0.0
2025-04-10 05:00:00,26.0,85.18,10.1,0.0
2025-04-10 06:00:00,26.0,83.56,9.4,0.0
2025-04-10 07:00:00,26.0,78.63,14.8,0.0
2025-04-10 08:00:00,27.2,75.24,13.0,0.0
2025-04-10 09:00:00,29.0,65.97,20.5,0.0
2025-04-10 10:00:00,30.0,62.27,14.8,0.0
2025-04-10 11:00:00,32.0,50.11,19.7,0.0
2025-04-10 12:00:00,34.0,36.38,22.3,0.0
2025-04-10 13:00:00,35.0,36.65,18.4,0.0
2025-04-10 14:00:00,33.8,47.3,21.8,0.0
2025-04-10 15:00:00,34.0,43.9,29.5,0.0
2025-04-10 16:00:00,33.0,49.39,31.7,0.0
2025-04-10 17:00:00,31.8,50.26,21.8,0.0
2025-04-10 18:00:00,30.0,55.07,18.4,0.0
2025-04-10 19:00:00,29.0,62.05,16.6,0.0
2025-04-10 20:00:00,29.0,61.71,18.4,0.0
2025-04-10 21:00:00,29.0,51.49,16.6,0.0
2025-04-10 22:00:00,28.0,58.1,14.8,0.0
2025-04-10 23:00:00,28.0,65.08,13.3,0.0
2025-04-11 00:00:00,27.0,74.13,18.4,0.0
2025-04-11 01:00:00,27.0,78.77,16.6,0.0
2025-04-11 02:00:00,27.0,79.35,18.4,0.0
2025-04-11 03:00:00,25.3,89.24,11.5,0.0
2025-04-11 04:00:00,26.0,83.56,14.8,0.0
2025-04-11 05:00:00,26.4,82.22,16.9,0.0
2025-04-11 06:00:00,26.0,83.56,18.4,0.0
2025-04-11 07:00:00,27.0,78.77,18.4,0.0
2025-04-11 08:00:00,27.2,78.06,14.8,0.0
2025-04-11 09:00:00,29.0,65.97,14.8,0.0
2025-04-11 10:00:00,30.0,62.27,22.3,0.0
2025-04-11 11:00:00,31.8,55.2,18.4,0.0
2025-04-11 12:00:00,33.0,49.39,24.1,0.0
2025-04-11 13:00:00,34.0,43.9,22.3,0.0
2025-04-11 14:00:00,34.6,45.12,23.7,0.0
2025-04-11 15:00:00,35.0,34.41,20.5,0.0
2025-04-11 16:00:00,34.0,41.25,20.5,0.0
2025-04-11 17:00:00,32.2,54.37,21.8,0.0
2025-04-11 18:00:00,31.0,55.31,24.1,0.0
2025-04-11 19:00:00,29.0,58.34,18.4,0.0
2025-04-11 20:00:00,28.2,67.58,14.8,0.0
2025-04-11 21:00:00,28.0,65.76,9.4,0.0
2025-04-11 22:00:00,28.0,69.91,11.2,0.0
2025-04-11 23:00:00,27.8,76.61,12.2,0.0
2025-04-12 00:00:00,27.0,78.77,16.6,0.0
2025-04-12 01:00:00,27.0,78.77,11.2,0.0
2025-04-12 02:00:00,27.0,82.23,9.0,0.0
2025-04-12 03:00:00,26.0,83.56,9.4,0.0
2025-04-12 04:00:00,26.0,83.56,11.2,0.0
2025-04-12 05:00:00,26.2,85.2,12.2,0.0
2025-04-12 06:00:00,25.0,88.14,14.4,0.0
2025-04-12 07:00:00,26.0,83.56,7.6,0.0
2025-04-12 08:00:00,27.2,79.37,16.2,0.0
2025-04-12 09:00:00,30.0,58.57,20.5,0.0
2025-04-12 10:00:00,31.0,48.87,18.4,0.0
2025-04-12 11:00:00,34.0,35.25,14.4,0.0
2025-04-12 12:00:00,38.0,16.17,16.6,0.0
2025-04-12 13:00:00,39.0,18.74,20.5,0.0
2025-04-12 14:00:00,38.6,19.78,23.4,0.0
2025-04-12 15:00:00,38.0,16.17,27.7,0.0
2025-04-12 16:00:00,36.0,28.66,27.7,0.0
2025-04-12 17:00:00,34.8,35.74,20.8,0.0
2025-04-12 18:00:00,33.0,40.98,27.7,0.0
2025-04-12 19:00:00,31.0,55.31,18.4,0.0
2025-04-12 20:00:00,29.0,69.22,15.8,0.0
2025-04-12 21:00:00,29.0,74.46,18.4,0.0
2025-04-12 22:00:00,28.0,74.29,18.4,0.0
2025-04-12 23:00:00,28.0,75.37,13.3,0.0
2025-04-13 00:00:00,27.0,78.77,16.6,0.0
2025-04-13 01:00:00,27.0,83.67,14.8,0.0
2025-04-13 02:00:00,27.0,80.87,15.8,0.0
2025-04-13 03:00:00,27.0,78.77,16.6,0.0
2025-04-13 04:00:00,27.0,78.77,20.5,0.0
2025-04-13 05:00:00,27.0,80.87,7.7,0.0
2025-04-13 06:00:00,26.0,83.56,13.0,0.0
2025-04-13 07:00:00,26.0,83.56,18.4,0.0
2025-04-13 08:00:00,27.2,78.06,20.4,0.0
2025-04-13 09:00:00,29.0,65.97,24.1,0.0
2025-04-13 10:00:00,31.0,52.0,24.1,0.0
2025-04-13 11:00:00,34.0,40.53,19.3,0.0
2025-04-13 12:00:00,36.0,30.55,16.6,0.0
2025-04-13 13:00:00,36.0,36.92,18.4,0.0
2025-04-13 14:00:00,34.0,47.39,26.7,0.0
2025-04-13 15:00:00,34.0,46.69,25.9,0.0
2025-04-13 16:00:00,33.0,52.5,29.5,0.0
2025-04-13 17:00:00,32.0,55.25,29.1,0.0
2025-04-13 18:00:00,31.0,55.31,27.7,0.0
2025-04-13 19:00:00,30.0,58.57,25.9,0.0
2025-04-13 20:00:00,28.4,74.37,20.4,0.0
2025-04-13 21:00:00,28.0,74.29,14.8,0.0
2025-04-13 22:00:00,28.0,78.91,14.8,0.0
2025-04-13 23:00:00,27.2,83.9,12.6,0.0
2025-04-14 00:00:00,27.0,83.67,11.2,0.0
2025-04-14 01:00:00,27.0,78.77,14.8,0.0
2025-04-14 02:00:00,26.4,83.81,17.3,0.0
2025-04-14 03:00:00,26.0,83.56,14.8,0.0
2025-04-14 04:00:00,26.0,83.56,13.0,0.0
2025-04-14 05:00:00,26.2,83.79,14.8,0.0
2025-04-14 06:00:00,26.0,83.56,14.8,0.0
2025-04-14 07:00:00,26.0,83.56,9.4,0.0
2025-04-14 08:00:00,27.4,78.09,14.8,0.0
2025-04-14 09:00:00,29.0,70.1,14.8,0.0
2025-04-14 10:00:00,31.0,55.31,14.8,0.0
2025-04-14 11:00:00,33.8,40.64,22.3,0.0
2025-04-14 12:00:00,35.0,34.41,35.3,0.0
2025-04-14 13:00:00,36.0,32.56,20.5,0.0
2025-04-14 14:00:00,34.6,45.12,28.0,0.0
2025-04-14 15:00:00,33.0,49.39,29.5,0.0
2025-04-14 16:00:00,34.0,43.9,29.5,0.0
2025-04-14 17:00:00,33.0,49.96,25.1,0.0
2025-04-14 18:00:00,32.0,52.25,27.7,0.0
2025-04-14 19:00:00,30.0,58.57,24.1,0.0
2025-04-14 20:00:00,29.0,69.22,13.7,0.0
2025-04-14 21:00:00,28.0,74.29,13.0,0.0
2025-04-14 22:00:00,28.0,69.91,24.1,0.0
2025-04-14 23:00:00,28.0,71.28,13.7,0.0
2025-04-15 00:00:00,27.0,78.77,11.2,0.0
2025-04-15 01:00:00,27.0,78.77,11.2,0.0
2025-04-15 02:00:00,27.2,78.06,15.8,0.0
2025-04-15 03:00:00,27.0,78.77,16.6,0.0
2025-04-15 04:00:00,27.0,78.77,9.4,0.0
2025-04-15 05:00:00,26.4,82.22,14.4,0.0
2025-04-15 06:00:00,26.0,83.56,7.6,0.0
2025-04-15 07:00:00,26.0,88.75,9.4,0.0
2025-04-15 08:00:00,27.2,79.37,13.3,0.0
2025-04-15 09:00:00,30.0,66.17,13.0,0.0
2025-04-15 10:00:00,31.0,58.8,198.4,0.0
2025-04-15 11:00:00,33.0,51.84,13.7,0.0
2025-04-15 12:00:00,35.0,41.52,22.3,0.0
2025-04-15 13:00:00,36.0,39.29,16.6,0.0
2025-04-15 14:00:00,36.8,39.59,21.2,0.0
2025-04-15 15:00:00,36.0,41.79,22.3,0.0
2025-04-15 16:00:00,35.0,44.17,24.1,0.0
2025-04-15 17:00:00,33.6,53.0,18.4,0.0
2025-04-15 18:00:00,32.0,52.25,24.1,0.0
2025-04-15 19:00:00,30.0,62.27,22.3,0.0
2025-04-15 20:00:00,29.0,71.8,15.8,0.0
2025-04-15 21:00:00,28.0,78.91,18.4,0.0
2025-04-15 22:00:00,28.0,78.91,18.4,0.0
2025-04-15 23:00:00,28.0,79.48,14.4,0.0
2025-04-16 00:00:00,28.0,78.91,14.8,0.0
2025-04-16 01:00:00,27.0,78.77,14.8,0.0
2025-04-16 02:00:00,27.2,80.9,15.5,0.0
2025-04-16 03:00:00,27.0,78.77,18.4,0.0
2025-04-16 04:00:00,27.0,78.77,18.4,0.0
2025-04-16 05:00:00,27.0,82.23,13.3,0.0
2025-04-16 06:00:00,26.0,83.56,16.6,0.0
2025-04-16 07:00:00,27.0,78.77,18.4,0.0
2025-04-16 08:00:00,28.0,76.64,16.9,0.0
2025-04-16 09:00:00,29.0,70.1,14.8,0.0
2025-04-16 10:00:00,31.0,58.8,13.0,0.0
2025-04-16 11:00:00,33.0,51.84,17.3,0.0
2025-04-16 12:00:00,35.0,41.52,31.7,0.0
2025-04-16 13:00:00,35.0,44.17,24.1,0.0
2025-04-16 14:00:00,34.6,49.53,25.6,0.0
2025-04-16 15:00:00,34.0,46.69,27.7,0.0
2025-04-16 16:00:00,34.0,49.64,35.3,0.0
2025-04-16 17:00:00,32.0,55.25,32.7,0.0
2025-04-16 18:00:00,32.0,49.13,31.7,0.0
2025-04-16 19:00:00,30.0,51.75,20.5,0.0
2025-04-16 20:00:00,29.8,57.5,14.8,0.0
2025-04-16 21:00:00,29.0,62.05,20.5,0.0
2025-04-16 22:00:00,29.0,62.05,20.5,0.0
2025-04-16 23:00:00,28.2,71.66,14.8,0.0
2025-04-17 00:00:00,28.0,65.76,13.0,0.0
2025-04-17 01:00:00,28.0,61.83,16.6,0.0
2025-04-17 02:00:00,28.0,68.7,14.8,0.0
2025-04-17 03:00:00,28.0,69.91,14.8,0.0
2025-04-17 04:00:00,27.0,74.13,14.8,0.0
2025-04-17 05:00:00,27.2,75.24,13.3,0.0
2025-04-17 06:00:00,27.0,74.13,22.3,0.0
2025-04-17 07:00:00,27.0,78.77,14.8,0.0
2025-04-17 08:00:00,28.4,72.79,15.5,0.0
2025-04-17 09:00:00,30.0,58.57,16.6,0.0
2025-04-17 10:00:00,33.0,40.98,24.1,0.0
2025-04-17 11:00:00,34.6,35.42,26.4,0.0
2025-04-17 12:00:00,36.0,26.86,27.7,0.0
2025-04-17 13:00:00,38.0,22.56,31.7,0.0
2025-04-17 14:00:00,36.6,34.46,28.1,0.0
2025-04-17 15:00:00,37.0,30.82,27.7,0.0
2025-04-17 16:00:00,35.0,36.65,27.7,0.0
2025-04-17 17:00:00,34.0,44.96,27.0,0.0
2025-04-17 18:00:00,32.0,52.25,22.3,0.0
2025-04-17 19:00:00,30.0,62.27,24.1,0.0
2025-04-17 20:00:00,29.0,71.8,16.9,0.0
2025-04-17 21:00:00,29.0,70.1,18.4,0.0
2025-04-17 22:00:00,28.0,74.29,18.4,0.0
2025-04-17 23:00:00,28.2,78.2,19.3,0.0
2025-04-18 00:00:00,28.0,78.91,7.6,0.0
2025-04-18 01:00:00,27.0,78.77,11.2,0.0
2025-04-18 02:00:00,27.4,75.28,13.3,0.0
2025-04-18 03:00:00,27.0,74.13,11.2,0.0
2025-04-18 04:00:00,27.0,78.77,16.6,0.0
2025-04-18 05:00:00,27.2,78.06,11.5,0.0
2025-04-18 06:00:00,27.0,78.77,11.2,0.0
2025-04-18 07:00:00,27.0,78.77,18.4,0.0
2025-04-18 08:00:00,28.0,75.37,14.8,0.0
2025-04-18 09:00:00,30.0,55.07,22.3,0.0
2025-04-18 10:00:00,33.0,43.63,18.4,0.0
2025-04-18 11:00:00,33.0,51.84,18.4,0.0
2025-04-18 12:00:00,34.0,43.9,29.5,0.0
2025-04-18 13:00:00,34.0,41.25,33.5,0.0
2025-04-18 14:00:00,33.8,44.69,29.4,0.0
2025-04-18 15:00:00,33.0,40.98,37.1,0.0
2025-04-18 16:00:00,33.0,43.63,33.5,0.0
2025-04-18 17:00:00,32.0,52.35,19.9,0.0
2025-04-18 18:00:00,31.0,55.31,27.7,0.0
2025-04-18 19:00:00,29.0,62.05,33.5,0.0
2025-04-18 20:00:00,28.0,72.66,22.3,0.0
2025-04-18 21:00:00,28.0,74.29,24.1,0.0
2025-04-18 22:00:00,28.0,74.29,27.7,0.0
2025-04-18 23:00:00,27.2,78.06,24.0,0.0
2025-04-19 00:00:00,27.0,78.77,18.4,0.0
2025-04-19 01:00:00,27.0,78.77,13.0,0.0
2025-04-19 02:00:00,27.2,75.24,18.2,0.0
2025-04-19 03:00:00,27.0,74.13,13.0,0.0
2025-04-19 04:00:00,26.0,78.63,18.4,0.0
2025-04-19 05:00:00,26.4,75.12,18.8,0.0
2025-04-19 06:00:00,27.0,74.13,16.6,0.0
2025-04-19 07:00:00,27.0,74.13,16.6,0.0
2025-04-19 08:00:00,28.2,70.13,13.3,0.0
2025-04-19 09:00:00,30.0,62.27,22.3,0.0
2025-04-19 10:00:00,31.0,55.31,18.4,0.0
2025-04-19 11:00:00,32.8,49.67,19.7,0.0
2025-04-19 12:00:00,35.0,41.52,18.4,0.0
2025-04-19 13:00:00,35.0,41.52,16.6,0.0
2025-04-19 14:00:00,35.6,39.91,19.7,0.0
2025-04-19 15:00:00,36.0,32.56,27.7,0.0
2025-04-19 16:00:00,36.0,26.86,27.7,0.0
2025-04-19 17:00:00,35.0,22.56,24.0,0.0
2025-04-19 18:00:00,34.0,23.06,24.1,0.0
2025-04-19 19:00:00,32.0,25.81,18.4,0.0
2025-04-19 20:00:00,31.0,34.9,14.8,0.0
2025-04-19 21:00:00,30.0,48.6,18.4,0.0
2025-04-19 22:00:00,29.0,48.34,11.2,0.0
2025-04-19 23:00:00,29.0,51.84,11.2,0.0
2025-04-20 00:00:00,28.0,58.1,14.8,0.0
2025-04-20 01:00:00,28.0,58.1,14.8,0.0
2025-04-20 02:00:00,27.6,59.95,8.6,0.0
2025-04-20 03:00:00,27.0,61.6,13.0,0.0
2025-04-20 04:00:00,27.0,57.86,9.4,0.0
2025-04-20 05:00:00,26.4,63.17,4.7,0.0
2025-04-20 06:00:00,26.0,61.38,5.4,0.0
2025-04-20 07:00:00,26.0,65.35,7.6,0.0
2025-04-20 08:00:00,28.6,56.93,3.3,0.0
2025-04-20 09:00:00,31.0,33.31,7.6,0.0
2025-04-20 10:00:00,34.0,16.39,11.2,0.0
2025-04-20 11:00:00,36.2,13.57,13.3,0.0
2025-04-20 12:00:00,38.0,9.91,13.0,0.0
2025-04-20 13:00:00,39.0,7.54,9.4,0.0
2025-04-20 14:00:00,40.0,7.15,15.5,0.0
2025-04-20 15:00:00,40.0,7.15,20.5,0.0
2025-04-20 16:00:00,40.0,7.15,24.1,0.0
2025-04-20 17:00:00,36.8,13.12,23.4,0.0
2025-04-20 18:00:00,37.0,12.07,18.4,0.0
2025-04-20 19:00:00,34.0,18.82,20.5,0.0
2025-04-20 20:00:00,30.8,34.14,18.4,0.0
2025-04-20 21:00:00,30.0,33.03,14.8,0.0
2025-04-20 22:00:00,28.0,48.08,11.2,0.0
2025-04-20 23:00:00,29.0,46.02,10.1,0.0
2025-04-21 00:00:00,29.0,42.54,9.4,0.0
2025-04-21 01:00:00,28.0,48.08,7.6,0.0
2025-04-21 02:00:00,28.2,46.43,7.7,0.0
2025-04-21 03:00:00,28.0,45.09,11.2,0.0
2025-04-21 04:00:00,27.0,44.82,9.4,0.0
2025-04-21 05:00:00,26.8,49.41,6.3,0.0
2025-04-21 06:00:00,23.0,56.89,5.4,0.0
2025-04-21 07:00:00,24.0,57.14,1.8,0.0
2025-04-21 08:00:00,28.4,45.55,1.4,0.0
2025-04-21 09:00:00,31.0,29.2,5.4,0.0
2025-04-21 10:00:00,34.0,18.82,5.4,0.0
2025-04-21 11:00:00,35.8,13.1,8.2,0.0
2025-04-21 12:00:00,39.0,6.03,7.6,0.0
2025-04-21 13:00:00,40.0,6.16,16.6,0.0
2025-04-21 14:00:00,39.6,11.9,11.8,0.0
2025-04-21 15:00:00,39.0,12.46,24.1,0.0
2025-04-21 16:00:00,38.0,16.17,25.9,0.0
2025-04-21 17:00:00,34.8,32.27,25.6,0.0
2025-04-21 18:00:00,35.0,28.39,22.3,0.0
2025-04-21 19:00:00,32.0,29.47,18.4,0.0
2025-04-21 20:00:00,30.8,36.49,12.2,0.0
2025-04-21 21:00:00,30.0,40.16,14.8,0.0
2025-04-21 22:00:00,29.0,42.54,11.2,0.0
2025-04-21 23:00:00,29.0,50.95,8.6,0.0
2025-04-22 00:00:00,28.0,54.57,9.4,0.0
2025-04-22 01:00:00,28.0,48.08,7.6,0.0
2025-04-22 02:00:00,27.4,52.12,4.7,0.0
2025-04-22 03:00:00,27.0,50.97,9.4,0.0
2025-04-22 04:00:00,27.0,54.32,5.4,0.0
2025-04-22 05:00:00,25.8,61.75,6.0,0.0
2025-04-22 06:00:00,23.0,64.71,0.0,0.0
2025-04-22 07:00:00,22.0,68.76,7.6,0.0
2025-04-22 08:00:00,26.8,58.69,3.6,0.0
2025-04-22 09:00:00,31.0,40.43,5.4,0.0
2025-04-22 10:00:00,34.0,24.65,0.0,0.0
2025-04-22 11:00:00,36.2,22.43,0.0,0.0
2025-04-22 12:00:00,37.0,18.27,7.6,0.0
2025-04-22 13:00:00,38.0,18.5,5.4,0.0
2025-04-22 14:00:00,38.0,21.58,15.8,0.0
2025-04-22 15:00:00,38.0,16.17,22.3,0.0
2025-04-22 16:00:00,37.0,17.07,24.1,0.0
2025-04-22 17:00:00,35.4,23.28,19.7,0.0
2025-04-22 18:00:00,35.0,24.91,25.9,0.0
2025-04-22 19:00:00,32.0,33.59,25.9,0.0
2025-04-22 20:00:00,30.0,45.6,14.4,0.0
2025-04-22 21:00:00,29.0,51.49,18.4,0.0
2025-04-22 22:00:00,28.0,54.57,9.4,0.0
2025-04-22 23:00:00,27.4,64.85,6.0,0.0
2025-04-23 00:00:00,27.0,57.86,9.4,0.0
2025-04-23 01:00:00,26.0,73.96,3.6,0.0
2025-04-23 02:00:00,25.6,74.99,6.0,0.0
2025-04-23 03:00:00,26.0,69.54,5.4,0.0
2025-04-23 04:00:00,25.0,73.79,7.6,0.0
2025-04-23 05:00:00,24.0,81.87,4.6,0.0
2025-04-23 06:00:00,24.0,83.33,7.6,0.0
2025-04-23 07:00:00,25.0,83.45,5.4,0.0
2025-04-23 08:00:00,27.8,73.91,6.3,0.0
2025-04-23 09:00:00,30.0,55.07,11.2,0.0
2025-04-23 10:00:00,33.0,43.63,9.4,0.0
2025-04-23 11:00:00,34.6,37.72,12.2,0.0
2025-04-23 12:00:00,37.0,32.83,20.5,0.0
2025-04-23 13:00:00,38.0,33.1,25.9,0.0
2025-04-23 14:00:00,38.2,19.77,17.3,0.0
2025-04-23 15:00:00,39.0,13.35,18.4,0.0
2025-04-23 16:00:00,38.0,25.69,27.7,0.0
2025-04-23 17:00:00,36.2,30.06,23.7,0.0
2025-04-23 18:00:00,34.0,32.02,20.5,0.0
2025-04-23 19:00:00,34.0,38.75,18.4,0.0
2025-04-23 20:00:00,32.4,45.72,16.8,0.0
2025-04-23 21:00:00,30.0,55.07,11.2,0.0
2025-04-23 22:00:00,29.0,65.97,11.2,0.0
2025-04-23 23:00:00,28.0,72.72,7.6,0.0
2025-04-24 00:00:00,28.0,74.29,7.6,0.0
2025-04-24 01:00:00,27.0,78.77,9.4,0.0
2025-04-24 02:00:00,27.2,76.58,11.2,0.0
2025-04-24 03:00:00,26.0,83.56,11.2,0.0
2025-04-24 04:00:00,25.0,88.68,5.4,0.0
2025-04-24 05:00:00,25.4,86.83,8.6,0.0
2025-04-24 06:00:00,25.0,88.68,7.6,0.0
2025-04-24 07:00:00,25.0,88.68,0.0,0.0
2025-04-24 08:00:00,28.0,79.54,9.0,0.0
2025-04-24 09:00:00,30.0,74.62,13.0,0.0
2025-04-24 10:00:00,32.0,62.7,11.2,0.0
2025-04-24 11:00:00,34.2,45.64,7.7,0.0
2025-04-24 12:00:00,35.0,49.9,7.6,0.0
2025-04-24 13:00:00,38.0,44.96,14.8,0.0
2025-04-24 14:00:00,34.0,55.12,24.5,0.0
2025-04-24 15:00:00,34.0,56.03,25.9,0.0
2025-04-24 16:00:00,33.0,59.26,25.9,0.0
2025-04-24 17:00:00,33.0,58.99,25.1,0.0
2025-04-24 18:00:00,32.0,52.25,25.9,0.0
2025-04-24 19:00:00,30.0,55.07,25.9,0.0
2025-04-24 20:00:00,29.0,61.71,15.5,0.0
2025-04-24 21:00:00,29.0,62.05,11.2,0.0
2025-04-24 22:00:00,28.0,69.91,13.0,0.0
2025-04-24 23:00:00,28.0,72.66,9.7,0.0
2025-04-25 00:00:00,28.0,74.29,13.0,0.0
2025-04-25 01:00:00,27.0,78.77,13.0,0.0
2025-04-25 02:00:00,27.2,79.37,7.1,0.0
2025-04-25 03:00:00,26.0,83.56,7.6,0.0
2025-04-25 04:00:00,26.0,83.56,9.4,0.0
2025-04-25 05:00:00,26.2,85.2,7.1,0.0
2025-04-25 06:00:00,26.0,88.75,7.6,0.0
2025-04-25 07:00:00,26.0,88.75,9.4,0.0
2025-04-25 08:00:00,28.0,79.54,10.8,0.0
2025-04-25 09:00:00,30.0,66.17,9.4,0.0
2025-04-25 10:00:00,31.0,58.8,14.8,0.0
2025-04-25 11:00:00,32.6,55.4,13.3,0.0
2025-04-25 12:00:00,34.0,49.64,20.5,0.0
2025-04-25 13:00:00,35.0,46.96,11.2,0.0
2025-04-25 14:00:00,34.8,49.58,17.3,0.0
2025-04-25 15:00:00,34.5,50.38,23.8,0.0
2025-04-25 16:00:00,34.0,46.69,27.7,0.0
2025-04-25 17:00:00,33.0,51.84,22.9,0.0
2025-04-25 18:00:00,32.0,52.25,20.5,0.0
2025-04-25 19:00:00,30.0,55.07,16.6,0.0
2025-04-25 20:00:00,29.8,62.14,14.4,0.0
2025-04-25 21:00:00,29.0,65.97,11.2,0.0
2025-04-25 22:00:00,28.0,61.83,7.6,0.0
2025-04-25 23:00:00,27.4,68.58,10.4,0.0
2025-04-26 00:00:00,28.0,61.83,9.4,0.0
2025-04-26 01:00:00,27.0,65.55,11.2,0.0
2025-04-26 02:00:00,27.4,71.17,6.0,0.0
2025-04-26 03:00:00,27.0,69.73,11.2,0.0
2025-04-26 04:00:00,26.0,73.96,11.2,0.0
2025-04-26 05:00:00,27.2,71.13,8.6,0.0
2025-04-26 06:00:00,27.0,74.13,7.6,0.0
2025-04-26 07:00:00,27.0,78.77,9.4,0.0
2025-04-26 08:00:00,28.8,75.5,7.6,0.0
2025-04-26 09:00:00,30.0,66.17,14.8,0.0
2025-04-26 10:00:00,33.0,52.5,5.4,0.0
2025-04-26 11:00:00,36.0,37.0,11.5,0.0
2025-04-26 12:00:00,39.0,25.95,16.6,0.0
2025-04-26 13:00:00,39.0,33.37,18.4,0.0
2025-04-26 14:00:00,37.2,43.77,25.1,0.0
2025-04-26 15:00:00,38.0,35.23,31.7,0.0
2025-04-26 16:00:00,37.0,30.82,29.5,0.0
2025-04-26 17:00:00,36.0,36.92,22.3,0.0
2025-04-26 18:00:00,36.0,39.29,13.0,0.0
2025-04-26 19:00:00,33.0,46.43,18.4,0.0
2025-04-26 20:00:00,31.8,55.2,14.4,0.0
2025-04-26 21:00:00,32.0,35.83,7.6,0.0
2025-04-26 22:00:00,31.0,43.09,7.6,0.0
2025-04-26 23:00:00,30.6,47.86,6.3,0.0
2025-04-27 00:00:00,29.0,51.49,7.6,0.0
2025-04-27 01:00:00,28.0,58.1,9.4,0.0
2025-04-27 02:00:00,27.0,68.5,8.6,0.0
2025-04-27 03:00:00,27.0,69.73,7.6,0.0
2025-04-27 04:00:00,27.0,69.73,5.4,0.0
2025-04-27 05:00:00,26.0,80.75,8.6,0.0
2025-04-27 06:00:00,27.0,78.77,11.2,0.0
2025-04-27 07:00:00,27.0,83.67,9.4,0.0
2025-04-27 08:00:00,29.0,78.69,14.0,0.0
2025-04-27 09:00:00,30.0,70.28,16.6,0.0
2025-04-27 10:00:00,32.0,59.03,13.0,0.0
2025-04-27 11:00:00,34.0,53.1,15.5,0.0
2025-04-27 12:00:00,34.0,52.75,16.6,0.0
2025-04-27 13:00:00,35.0,46.96,22.3,0.0
2025-04-27 14:00:00,35.2,48.24,20.8,0.0
2025-04-27 15:00:00,36.0,41.79,24.1,0.0
2025-04-27 16:00:00,34.0,46.69,20.5,0.0
2025-04-27 17:00:00,33.2,52.9,21.8,0.0
2025-04-27 18:00:00,33.0,52.5,24.1,0.0
2025-04-27 19:00:00,32.0,52.25,22.3,0.0
2025-04-27 20:00:00,31.0,55.01,13.3,0.0
2025-04-27 21:00:00,30.0,58.57,9.4,0.0
2025-04-27 22:00:00,29.0,65.97,5.4,0.0
2025-04-27 23:00:00,28.8,74.37,8.6,0.0
2025-04-28 00:00:00,29.0,74.46,11.2,0.0
2025-04-28 01:00:00,28.0,78.91,3.6,0.0
2025-04-28 02:00:00,27.4,80.92,8.6,0.0
2025-04-28 03:00:00,27.0,83.67,9.4,0.0
2025-04-28 04:00:00,27.0,83.67,7.6,0.0
2025-04-28 05:00:00,27.0,86.9,9.7,0.0
2025-04-28 06:00:00,27.0,83.67,7.6,0.0
2025-04-28 07:00:00,27.0,83.67,9.4,0.0
2025-04-28 08:00:00,29.8,69.37,13.3,0.0
2025-04-28 09:00:00,31.0,62.49,14.8,0.0
2025-04-28 10:00:00,34.0,43.9,13.0,0.0
2025-04-28 11:00:00,35.8,37.59,15.8,0.0
2025-04-28 12:00:00,38.0,21.13,16.6,0.0
2025-04-28 13:00:00,38.0,33.1,22.3,0.0
2025-04-28 14:00:00,36.8,38.14,27.5,0.0
2025-04-28 15:00:00,37.0,34.95,18.4,0.0
2025-04-28 16:00:00,36.0,39.29,27.7,0.0
2025-04-28 17:00:00,35.6,39.75,24.0,0.0
2025-04-28 18:00:00,34.0,41.25,22.3,0.0
2025-04-28 19:00:00,32.0,49.13,20.5,0.0
2025-04-28 20:00:00,31.0,55.01,16.9,0.0
2025-04-28 21:00:00,30.0,58.57,14.8,0.0
2025-04-28 22:00:00,30.0,58.57,13.0,0.0
2025-04-28 23:00:00,29.8,62.18,5.7,0.0
2025-04-29 00:00:00,29.0,58.34,7.6,0.0
2025-04-29 01:00:00,29.0,62.05,11.2,0.0
2025-04-29 02:00:00,27.6,70.01,7.6,0.0
2025-04-29 03:00:00,27.0,69.73,5.4,0.0
2025-04-29 04:00:00,27.0,61.6,5.4,0.0
2025-04-29 05:00:00,28.4,60.53,6.3,0.0
2025-04-29 06:00:00,27.0,61.6,11.2,0.0
2025-04-29 07:00:00,30.0,55.07,11.2,0.0
2025-04-29 08:00:00,32.4,47.78,15.8,0.0
2025-04-29 09:00:00,33.0,43.63,14.8,0.0
2025-04-29 10:00:00,35.0,32.29,14.8,0.0
2025-04-29 11:00:00,37.0,24.0,24.8,0.0
2025-04-29 12:00:00,39.0,17.53,33.5,0.0
2025-04-29 13:00:00,39.0,25.95,35.3,0.0
2025-04-29 14:00:00,38.4,26.98,30.2,0.0
2025-04-29 15:00:00,38.0,25.69,35.3,0.0
2025-04-29 16:00:00,38.0,27.39,33.5,0.0
2025-04-29 17:00:00,36.0,32.19,28.6,0.0
2025-04-29 18:00:00,34.0,36.38,31.7,0.0
2025-04-29 19:00:00,32.0,46.17,27.7,0.0
2025-04-29 20:00:00,31.0,51.72,21.8,0.0
2025-04-29 21:00:00,31.0,48.87,14.8,0.0
2025-04-29 22:00:00,30.0,55.07,16.6,0.0
2025-04-29 23:00:00,30.0,57.83,11.2,0.0
2025-04-30 00:00:00,29.0,58.34,13.0,0.0
2025-04-30 01:00:00,29.0,58.34,7.6,0.0
2025-04-30 02:00:00,29.2,62.05,13.7,0.0
2025-04-30 03:00:00,29.0,58.34,13.0,0.0
2025-04-30 04:00:00,29.0,54.82,14.8,0.0
2025-04-30 05:00:00,29.2,56.24,14.8,0.0
2025-04-30 06:00:00,28.0,58.1,9.4,0.0
2025-04-30 07:00:00,29.0,62.05,13.0,0.0
2025-04-30 08:00:00,30.0,61.19,13.7,0.0
2025-04-30 09:00:00,33.0,43.63,16.6,0.0
2025-04-30 10:00:00,35.0,34.41,18.4,0.0
2025-04-30 11:00:00,36.8,26.9,24.8,0.0
2025-04-30 12:00:00,38.0,24.08,29.5,0.0
2025-04-30 13:00:00,39.0,25.95,25.9,0.0
2025-04-30 14:00:00,38.2,29.28,26.7,0.0
2025-04-30 15:00:00,39.0,22.82,33.5,0.0
2025-04-30 16:00:00,37.0,27.13,27.7,0.0
2025-04-30 17:00:00,34.0,40.79,22.3,0.0
2025-04-30 18:00:00,33.0,46.43,29.5,0.0
2025-04-30 19:00:00,31.0,55.31,22.3,0.0
2025-04-30 20:00:00,30.2,62.42,16.9,0.0
2025-04-30 21:00:00,30.0,58.57,18.4,0.0
2025-04-30 22:00:00,30.0,55.07,13.0,0.0
2025-04-30 23:00:00,30.0,57.83,15.8,0.0
2025-05-01 00:00:00,29.0,58.34,20.5,0.0
2025-05-01 01:00:00,29.0,58.34,16.6,0.0
2025-05-01 02:00:00,29.2,63.01,14.8,0.0
2025-05-01 03:00:00,29.0,65.97,11.2,0.0
2025-05-01 04:00:00,28.0,69.91,14.8,0.0
2025-05-01 05:00:00,28.0,76.64,8.6,0.0
2025-05-01 06:00:00,27.0,83.67,11.2,0.0
2025-05-01 07:00:00,28.0,78.91,18.4,0.0
2025-05-01 08:00:00,29.2,74.5,14.4,0.0
2025-05-01 09:00:00,31.0,66.37,20.5,0.0
2025-05-01 10:00:00,33.0,75.1,24.1,0.0
2025-05-01 11:00:00,33.6,53.0,26.7,0.0
2025-05-01 12:00:00,34.0,46.69,31.7,0.0
2025-05-01 13:00:00,36.0,39.29,29.5,0.0
2025-05-01 14:00:00,35.6,43.0,32.7,0.0
2025-05-01 15:00:00,35.0,41.52,35.3,0.0
2025-05-01 16:00:00,34.0,46.69,40.7,0.0
2025-05-01 17:00:00,33.0,50.73,27.5,0.0
2025-05-01 18:00:00,32.0,52.25,20.5,0.0
2025-05-01 19:00:00,31.0,58.8,16.6,0.0
2025-05-01 20:00:00,30.0,64.56,13.7,0.0
2025-05-01 21:00:00,30.0,58.57,16.6,0.0
2025-05-01 22:00:00,30.0,58.57,18.4,0.0
2025-05-01 23:00:00,29.4,66.85,16.9,0.0
2025-05-02 00:00:00,29.0,70.1,13.0,0.0
2025-05-02 01:00:00,29.0,70.1,13.0,0.0
2025-05-02 02:00:00,29.2,71.83,6.3,0.0
2025-05-02 03:00:00,28.0,65.76,9.4,0.0
2025-05-02 04:00:00,29.0,54.82,9.4,0.0
2025-05-02 05:00:00,28.0,68.7,6.3,0.0
2025-05-02 06:00:00,27.0,74.13,0.0,0.0
2025-05-02 07:00:00,28.0,69.91,11.2,0.0
2025-05-02 08:00:00,30.0,62.27,14.8,0.0
2025-05-02 09:00:00,32.0,55.55,24.1,0.0
2025-05-02 10:00:00,33.0,49.39,20.5,0.0
2025-05-02 11:00:00,33.8,52.05,22.3,0.0
2025-05-02 12:00:00,35.0,44.17,24.1,0.0
2025-05-02 13:00:00,35.0,44.17,22.3,0.0
2025-05-02 14:00:00,34.8,47.79,22.3,0.0
2025-05-02 15:00:00,34.0,49.64,24.1,0.0
2025-05-02 16:00:00,33.0,52.5,29.5,0.0
2025-05-02 17:00:00,32.2,60.95,29.1,0.0
2025-05-02 18:00:00,31.0,62.49,27.7,0.0
2025-05-02 19:00:00,30.0,66.17,20.5,0.0
2025-05-02 20:00:00,29.4,74.7,15.8,0.0
2025-05-02 21:00:00,29.0,65.97,18.4,0.0
2025-05-02 22:00:00,29.0,74.46,11.2,0.0
2025-05-02 23:00:00,29.0,79.99,13.7,0.0
2025-05-03 00:00:00,29.0,79.05,18.4,0.0
2025-05-03 01:00:00,29.0,79.05,13.0,0.0
2025-05-03 02:00:00,29.0,75.89,10.1,0.0
2025-05-03 03:00:00,29.0,65.97,16.6,0.0
2025-05-03 04:00:00,29.0,70.1,11.2,0.0
2025-05-03 05:00:00,28.2,79.89,14.4,0.0
2025-05-03 06:00:00,28.0,78.91,9.4,0.0
2025-05-03 07:00:00,28.0,78.91,7.6,0.0
2025-05-03 08:00:00,30.0,72.15,11.2,0.0
2025-05-03 09:00:00,32.0,55.55,9.4,0.0
2025-05-03 10:00:00,34.0,49.64,5.4,0.0
2025-05-03 11:00:00,33.8,55.03,13.7,0.0
2025-05-03 12:00:00,36.0,44.43,9.4,0.0
2025-05-03 13:00:00,37.0,37.2,18.4,0.0
2025-05-03 14:00:00,37.4,38.46,20.8,0.0
2025-05-03 15:00:00,37.0,39.56,22.3,0.0
2025-05-03 16:00:00,35.0,46.96,25.9,0.0
2025-05-03 17:00:00,33.0,53.88,21.8,0.0
2025-05-03 18:00:00,32.0,52.25,18.4,0.0
2025-05-03 19:00:00,31.0,58.8,13.0,0.0
2025-05-03 20:00:00,31.0,55.01,11.2,0.0
2025-05-03 21:00:00,31.0,48.87,9.4,0.0
2025-05-03 22:00:00,31.0,58.8,14.8,0.0
2025-05-03 23:00:00,29.8,70.7,12.2,0.0
2025-05-04 00:00:00,29.0,74.46,13.0,0.0
2025-05-04 01:00:00,29.0,74.46,16.6,0.0
2025-05-04 02:00:00,28.4,75.79,11.2,0.0
2025-05-04 03:00:00,28.0,74.29,13.0,0.0
2025-05-04 04:00:00,28.0,69.91,14.8,0.0
2025-05-04 05:00:00,28.4,73.08,16.9,0.0
2025-05-04 06:00:00,29.0,70.1,11.2,0.0
2025-05-04 07:00:00,28.0,74.29,13.0,0.0
2025-05-04 08:00:00,29.8,69.37,11.9,0.0
2025-05-04 09:00:00,31.0,55.31,7.6,0.0
2025-05-04 10:00:00,32.0,52.25,14.8,0.0
2025-05-04 11:00:00,32.6,56.78,16.9,0.0
2025-05-04 12:00:00,33.0,52.5,27.7,0.0
2025-05-04 13:00:00,34.0,49.64,27.7,0.0
2025-05-04 14:00:00,34.0,54.12,27.0,0.0
2025-05-04 15:00:00,33.0,52.5,31.7,0.0
2025-05-04 16:00:00,33.0,55.79,33.5,0.0
2025-05-04 17:00:00,32.0,61.92,24.5,0.0
2025-05-04 18:00:00,31.0,62.49,29.5,0.0
2025-05-04 19:00:00,30.0,70.28,31.7,0.0
2025-05-04 20:00:00,30.0,72.15,27.0,0.0
2025-05-04 21:00:00,30.0,70.28,22.3,0.0
2025-05-04 22:00:00,29.0,74.46,22.3,0.0
2025-05-04 23:00:00,29.0,78.69,15.5,0.0
2025-05-05 00:00:00,29.0,79.05,13.0,0.0
2025-05-05 01:00:00,29.0,74.46,9.4,0.0
2025-05-05 02:00:00,28.8,77.13,8.6,0.0
2025-05-05 03:00:00,29.0,74.46,7.6,0.0
2025-05-05 04:00:00,28.0,48.08,24.1,0.0
2025-05-05 05:00:00,28.2,42.95,16.2,0.0
2025-05-05 06:00:00,28.0,39.6,16.6,0.0
2025-05-05 07:00:00,28.0,39.6,11.2,0.0
2025-05-05 08:00:00,28.4,41.07,10.8,0.0
2025-05-05 09:00:00,29.0,34.99,7.6,0.0
2025-05-05 10:00:00,32.0,29.47,9.4,0.0
2025-05-05 11:00:00,33.8,28.13,12.2,0.0
2025-05-05 12:00:00,35.0,24.91,7.6,0.0
2025-05-05 13:00:00,37.0,20.89,9.4,0.0
2025-05-05 14:00:00,36.2,26.38,12.9,0.0
2025-05-05 15:00:00,36.0,30.55,11.2,0.0
2025-05-05 16:00:00,36.0,34.68,16.6,0.0
2025-05-05 17:00:00,34.8,42.58,15.8,0.0
2025-05-05 18:00:00,34.0,46.69,14.8,0.2
2025-05-05 19:00:00,31.0,58.8,14.8,0.0
2025-05-05 20:00:00,30.8,67.24,14.4,0.0
2025-05-05 21:00:00,30.0,70.28,13.0,0.0
2025-05-05 22:00:00,30.0,74.62,5.4,0.0
2025-05-05 23:00:00,30.0,75.69,3.3,0.0
2025-05-06 00:00:00,30.0,70.28,5.4,0.0
2025-05-06 01:00:00,30.0,70.28,7.6,0.0
2025-05-06 02:00:00,29.2,75.92,6.0,0.0
2025-05-06 03:00:00,29.0,74.46,7.6,0.0
2025-05-06 04:00:00,29.0,100.0,5.4,0.0
2025-05-06 05:00:00,28.2,79.89,6.0,0.0
2025-05-06 06:00:00,28.0,100.0,7.6,0.0
2025-05-06 07:00:00,28.0,78.91,5.4,0.0
2025-05-06 08:00:00,31.2,43.44,9.7,0.0
2025-05-06 09:00:00,33.0,31.74,9.4,0.0
2025-05-06 10:00:00,35.0,28.39,9.4,0.0
2025-05-06 11:00:00,36.0,26.56,3.3,0.0
2025-05-06 12:00:00,36.0,28.66,16.6,0.0
2025-05-06 13:00:00,36.0,34.68,29.5,0.0
2025-05-06 14:00:00,35.0,44.47,25.1,0.0
2025-05-06 15:00:00,36.0,28.66,18.4,0.0
2025-05-06 16:00:00,35.0,41.52,22.3,0.0
2025-05-06 17:00:00,35.0,42.01,15.5,0.0
2025-05-06 18:00:00,34.0,41.25,18.4,0.0
2025-05-06 19:00:00,32.0,55.55,24.1,0.0
2025-05-06 20:00:00,30.2,70.83,19.3,0.0
2025-05-06 21:00:00,30.0,70.28,22.3,0.0
2025-05-06 22:00:00,30.0,70.28,16.6,0.0
2025-05-06 23:00:00,28.6,77.15,13.3,0.0
2025-05-07 00:00:00,29.0,74.46,11.2,0.0
2025-05-07 01:00:00,29.0,74.46,13.0,0.0
2025-05-07 02:00:00,29.0,71.8,10.4,0.0
2025-05-07 03:00:00,29.0,70.1,9.4,0.0
2025-05-07 04:00:00,29.0,65.97,9.4,0.0
2025-05-07 05:00:00,29.0,70.56,8.2,0.0
2025-05-07 06:00:00,29.0,70.1,3.6,0.0
2025-05-07 07:00:00,29.0,74.46,0.0,0.0
2025-05-07 08:00:00,30.0,68.26,4.6,0.0
2025-05-07 09:00:00,31.0,58.8,7.6,0.0
2025-05-07 10:00:00,33.0,49.39,7.6,0.0
2025-05-07 11:00:00,35.0,44.47,13.0,0.0
2025-05-07 12:00:00,35.0,44.17,14.8,0.0
2025-05-07 13:00:00,36.0,39.29,22.3,0.0
2025-05-07 14:00:00,35.8,43.26,20.8,0.0
2025-05-07 15:00:00,36.0,39.29,22.3,0.0
2025-05-07 16:00:00,34.0,46.69,24.1,0.0
2025-05-07 17:00:00,32.6,55.71,21.8,0.0
2025-05-07 18:00:00,32.0,55.55,18.4,0.0
2025-05-07 19:00:00,30.0,62.27,14.8,0.0
2025-05-07 20:00:00,30.0,69.57,16.9,0.0
2025-05-07 21:00:00,29.0,70.1,13.0,0.0
2025-05-07 22:00:00,29.0,74.46,14.8,0.0
2025-05-07 23:00:00,29.2,78.71,12.2,0.0
2025-05-08 00:00:00,29.0,79.05,11.2,0.0
2025-05-08 01:00:00,29.0,79.05,13.0,0.0
2025-05-08 02:00:00,29.0,79.99,8.6,0.0
2025-05-08 03:00:00,29.0,79.05,13.0,0.0
2025-05-08 04:00:00,29.0,74.46,9.4,0.0
2025-05-08 05:00:00,28.2,79.89,7.1,0.0
2025-05-08 06:00:00,28.0,78.91,7.6,0.0
2025-05-08 07:00:00,28.0,78.91,5.4,0.0
2025-05-08 08:00:00,30.0,70.79,9.7,0.0
2025-05-08 09:00:00,31.0,62.49,14.8,0.0
2025-05-08 10:00:00,32.0,55.55,20.5,0.0
2025-05-08 11:00:00,33.0,52.85,15.5,0.0
2025-05-08 12:00:00,33.0,49.39,24.1,0.0
2025-05-08 13:00:00,34.0,46.69,16.6,0.0
2025-05-08 14:00:00,34.2,49.43,19.3,0.0
2025-05-08 15:00:00,34.0,46.69,20.5,0.0
2025-05-08 16:00:00,33.0,49.39,22.3,0.0
2025-05-08 17:00:00,33.2,52.9,19.3,0.0
2025-05-08 18:00:00,32.0,52.25,18.4,0.0
2025-05-08 19:00:00,31.0,58.8,18.4,0.0
2025-05-08 20:00:00,30.2,68.3,13.3,0.0
2025-05-08 21:00:00,30.0,66.17,14.8,0.0
2025-05-08 22:00:00,30.0,70.28,13.0,0.0
2025-05-08 23:00:00,30.0,72.15,9.7,0.0
2025-05-09 00:00:00,30.0,70.28,11.2,0.0
2025-05-09 01:00:00,29.0,74.46,5.4,0.0
2025-05-09 02:00:00,29.2,75.92,1.4,0.0
2025-05-09 03:00:00,28.0,74.29,5.4,0.0
2025-05-09 04:00:00,28.0,78.91,0.0,0.0
2025-05-09 05:00:00,28.2,79.89,6.3,0.0
2025-05-09 06:00:00,29.0,74.46,9.4,0.0
2025-05-09 07:00:00,28.3,79.91,5.8,0.0
2025-05-09 08:00:00,30.2,73.44,11.9,0.0
2025-05-09 09:00:00,30.0,70.28,11.2,0.0
2025-05-09 10:00:00,32.0,55.55,9.4,0.0
2025-05-09 11:00:00,33.4,51.08,9.0,0.0
2025-05-09 12:00:00,34.0,43.9,7.6,0.0
2025-05-09 13:00:00,35.0,39.02,11.2,0.0
2025-05-09 14:00:00,36.0,38.57,15.1,0.0
2025-05-09 15:00:00,35.0,41.52,18.4,0.0
2025-05-09 16:00:00,35.0,41.52,20.5,0.0
2025-05-09 17:00:00,34.0,46.67,21.8,0.0
2025-05-09 18:00:00,34.0,43.9,22.3,0.0
2025-05-09 19:00:00,32.0,52.25,22.3,0.0
2025-05-09 20:00:00,31.0,60.39,11.9,0.0
2025-05-09 21:00:00,31.0,58.8,7.6,0.0
2025-05-09 22:00:00,31.0,58.8,22.3,0.0
2025-05-09 23:00:00,30.8,65.97,20.1,0.0
2025-05-10 00:00:00,30.0,45.63,22.3,0.0
2025-05-10 01:00:00,29.0,45.36,18.4,0.0
2025-05-10 02:00:00,29.2,45.16,11.2,0.0
2025-05-10 03:00:00,29.0,42.54,7.6,0.0
2025-05-10 04:00:00,28.0,45.09,5.4,0.0
2025-05-10 05:00:00,27.2,53.13,6.8,0.0
2025-05-10 06:00:00,27.0,50.97,0.0,0.0
2025-05-10 07:00:00,29.0,45.36,5.4,0.0
2025-05-10 08:00:00,30.6,44.94,3.3,0.0
2025-05-10 09:00:00,33.0,31.74,7.6,0.0
2025-05-10 10:00:00,34.0,28.12,7.6,0.0
2025-05-10 11:00:00,35.8,25.63,7.1,0.0
2025-05-10 12:00:00,38.0,19.78,5.4,0.0
2025-05-10 13:00:00,38.0,22.56,9.4,0.0
2025-05-10 14:00:00,37.0,34.51,24.0,0.0
2025-05-10 15:00:00,37.0,28.92,27.7,0.0
2025-05-10 16:00:00,36.0,28.66,25.9,0.0
2025-05-10 17:00:00,34.1,48.47,25.9,0.0
2025-05-10 18:00:00,33.0,58.55,23.4,0.0
2025-05-10 19:00:00,29.1,78.13,23.4,0.0
2025-05-10 20:00:00,30.6,71.67,14.8,0.0
2025-05-10 21:00:00,29.6,81.51,18.4,0.0
2025-05-10 22:00:00,28.0,85.8,17.6,0.0
2025-05-10 23:00:00,29.6,74.56,14.8,0.0
2025-05-11 00:00:00,29.0,82.9,20.9,0.0
2025-05-11 01:00:00,28.2,85.31,21.2,0.0
2025-05-11 02:00:00,29.6,74.56,11.2,0.0
2025-05-11 03:00:00,27.4,87.29,16.9,0.0
2025-05-11 04:00:00,27.7,85.26,15.8,0.0
2025-05-11 05:00:00,28.6,81.39,7.6,0.0
2025-05-11 06:00:00,27.7,87.32,14.0,0.0
2025-05-11 07:00:00,29.2,81.95,15.8,0.0
2025-05-11 08:00:00,29.6,78.2,14.8,0.0
2025-05-11 09:00:00,29.0,78.58,16.9,0.0
2025-05-11 10:00:00,32.6,65.9,18.0,0.0
2025-05-11 11:00:00,34.1,61.67,18.4,0.0
2025-05-11 12:00:00,32.3,62.39,21.6,0.0
2025-05-11 13:00:00,34.2,55.08,24.1,0.0
2025-05-11 14:00:00,34.6,56.51,22.3,0.0
2025-05-11 15:00:00,33.1,60.0,24.5,0.0
2025-05-11 16:00:00,32.4,63.17,25.2,0.0
2025-05-11 17:00:00,33.1,61.46,22.3,0.0
2025-05-11 18:00:00,31.9,70.63,20.5,0.0
2025-05-11 19:00:00,28.5,82.85,19.4,0.0
2025-05-11 20:00:00,30.6,71.67,11.2,0.0
2025-05-11 21:00:00,29.2,83.91,19.1,0.0
2025-05-11 22:00:00,28.4,85.84,18.0,0.0
2025-05-11 23:00:00,30.1,75.08,14.8,0.0
2025-05-12 00:00:00,29.0,82.41,19.8,0.0
2025-05-12 01:00:00,28.1,83.79,17.3,0.0
2025-05-12 02:00:00,29.1,78.13,14.8,0.0
2025-05-12 03:00:00,27.3,92.08,16.2,0.0
2025-05-12 04:00:00,27.5,91.55,16.9,0.0
2025-05-12 05:00:00,28.6,77.13,14.8,0.0
2025-05-12 06:00:00,28.7,86.38,17.3,0.0
2025-05-12 07:00:00,29.8,81.06,19.4,0.0
2025-05-12 08:00:00,29.6,72.35,11.2,0.0
2025-05-12 09:00:00,29.0,78.58,23.0,0.0
2025-05-12 10:00:00,32.2,65.04,24.5,0.0
2025-05-12 11:00:00,32.6,60.98,18.4,0.0
2025-05-12 12:00:00,31.6,66.49,26.3,0.0
2025-05-12 13:00:00,33.4,60.43,27.0,0.0
2025-05-12 14:00:00,34.1,56.39,25.9,0.0
2025-05-12 15:00:00,32.7,63.23,24.8,0.0
2025-05-12 16:00:00,32.2,63.89,25.2,0.0
2025-05-12 17:00:00,32.2,59.75,25.6,0.0
2025-05-12 18:00:00,32.0,59.03,27.7,0.0
2025-05-12 19:00:00,31.0,62.49,22.3,0.0
2025-05-12 20:00:00,30.0,65.81,18.2,0.0
2025-05-12 21:00:00,30.0,66.17,13.0,0.0
2025-05-12 22:00:00,30.0,70.28,22.3,0.0
2025-05-12 23:00:00,29.0,74.46,18.4,0.0
2025-05-13 00:00:00,29.0,74.46,22.3,0.0
2025-05-13 01:00:00,29.0,70.1,13.0,0.0
2025-05-13 02:00:00,29.0,75.89,14.8,0.0
2025-05-13 03:00:00,28.0,74.29,9.4,0.0
2025-05-13 04:00:00,28.0,78.91,14.8,0.0
2025-05-13 05:00:00,28.2,78.2,12.2,0.0
2025-05-13 06:00:00,29.0,74.46,14.8,0.0
2025-05-13 07:00:00,29.0,74.46,18.4,0.0
2025-05-13 08:00:00,30.0,69.57,17.9,0.0
2025-05-13 09:00:00,30.0,66.17,18.4,0.0
2025-05-13 10:00:00,32.0,55.55,25.9,0.0
2025-05-13 11:00:00,33.0,55.89,20.8,0.0
2025-05-13 12:00:00,33.0,52.5,24.1,0.0
2025-05-13 13:00:00,34.0,49.64,22.3,0.0
2025-05-13 14:00:00,34.0,55.08,24.0,0.0
2025-05-13 15:00:00,34.0,52.75,27.7,0.0
2025-05-13 16:00:00,34.0,49.64,20.5,0.0
2025-05-13 17:00:00,33.0,58.95,22.6,0.0
2025-05-13 18:00:00,32.0,59.03,18.4,0.0
2025-05-13 19:00:00,32.0,62.7,20.5,0.0
2025-05-13 20:00:00,31.0,68.45,14.8,0.0
2025-05-13 21:00:00,30.0,70.28,13.0,0.0
2025-05-13 22:00:00,30.0,70.28,7.6,0.0
2025-05-13 23:00:00,30.0,76.04,13.3,0.0
2025-05-14 00:00:00,30.0,79.19,18.4,0.0
2025-05-14 01:00:00,29.0,79.05,16.6,0.0
2025-05-14 02:00:00,28.6,78.63,7.6,0.0
2025-05-14 03:00:00,28.0,78.91,9.4,0.0
2025-05-14 04:00:00,28.0,83.78,11.2,0.0
2025-05-14 05:00:00,28.4,82.85,11.2,0.0
2025-05-14 06:00:00,28.0,83.78,11.2,0.0
2025-05-14 07:00:00,29.0,79.05,7.6,0.0
2025-05-14 08:00:00,30.8,73.48,14.8,0.0
2025-05-14 09:00:00,32.0,62.7,18.4,0.0
2025-05-14 10:00:00,34.0,56.03,11.2,0.0
2025-05-14 11:00:00,34.6,56.28,15.5,0.0
2025-05-14 12:00:00,36.0,47.22,13.0,0.0
2025-05-14 13:00:00,36.0,47.22,13.0,0.0
2025-05-14 14:00:00,36.0,50.24,17.3,0.0
2025-05-14 15:00:00,35.0,46.96,22.3,0.0
2025-05-14 16:00:00,35.0,44.17,24.1,0.0
2025-05-14 17:00:00,34.0,56.13,19.9,0.0
2025-05-14 18:00:00,32.0,59.03,25.9,0.0
2025-05-14 19:00:00,31.0,70.47,24.1,0.0
2025-05-14 20:00:00,30.8,72.29,15.5,0.0
2025-05-14 21:00:00,30.0,74.62,13.0,0.0
2025-05-14 22:00:00,30.0,79.19,13.0,0.0
2025-05-14 23:00:00,29.8,80.1,9.7,0.0
2025-05-15 00:00:00,30.0,79.19,16.6,0.0
2025-05-15 01:00:00,29.0,83.89,16.6,0.0
2025-05-15 02:00:00,29.2,82.94,10.8,0.0
2025-05-15 03:00:00,29.0,79.05,11.2,0.0
2025-05-15 04:00:00,29.0,83.89,11.2,0.0
2025-05-15 05:00:00,29.0,84.09,7.1,0.0
2025-05-15 06:00:00,29.0,83.89,9.4,0.0
2025-05-15 07:00:00,29.0,83.89,11.2,0.0
2025-05-15 08:00:00,30.0,77.3,11.2,0.0
2025-05-15 09:00:00,31.0,70.47,0.0,0.0
2025-05-15 10:00:00,32.0,66.57,11.2,0.0
2025-05-15 11:00:00,34.0,61.63,16.9,0.0
2025-05-15 12:00:00,34.0,56.03,14.8,0.0
2025-05-15 13:00:00,34.0,56.03,16.6,0.0
2025-05-15 14:00:00,35.0,55.71,14.8,0.0
2025-05-15 15:00:00,34.0,56.03,22.3,0.0
2025-05-15 16:00:00,34.0,56.03,20.5,0.0
2025-05-15 17:00:00,34.0,59.45,16.9,0.0
2025-05-15 18:00:00,33.0,59.26,18.4,0.0
2025-05-15 19:00:00,32.0,62.7,16.6,0.0
2025-05-15 20:00:00,31.2,71.34,11.9,0.0
2025-05-15 21:00:00,31.0,70.47,14.8,0.0
2025-05-15 22:00:00,30.0,79.19,14.8,0.0
2025-05-15 23:00:00,30.0,80.12,11.2,0.0
2025-05-16 00:00:00,30.0,79.19,11.2,0.0
2025-05-16 01:00:00,29.0,79.05,9.4,0.0
2025-05-16 02:00:00,29.0,81.13,7.1,0.0
2025-05-16 03:00:00,29.0,79.05,7.6,0.0
2025-05-16 04:00:00,29.0,79.05,5.4,0.0
2025-05-16 05:00:00,28.8,82.45,4.6,0.0
2025-05-16 06:00:00,29.0,79.05,7.6,0.0
2025-05-16 07:00:00,29.0,79.05,0.0,0.0
2025-05-16 08:00:00,30.0,76.04,11.2,0.0
2025-05-16 09:00:00,30.0,70.28,13.0,0.0
2025-05-16 10:00:00,32.0,62.7,18.4,0.0
2025-05-16 11:00:00,33.0,58.95,18.4,0.0
2025-05-16 12:00:00,34.0,52.75,24.1,0.0
2025-05-16 13:00:00,34.0,49.64,25.9,0.0
2025-05-16 14:00:00,34.4,50.48,20.8,0.0
2025-05-16 15:00:00,35.0,46.96,31.7,0.0
2025-05-16 16:00:00,35.0,44.17,16.6,0.0
2025-05-16 17:00:00,34.8,47.79,18.4,0.0
2025-05-16 18:00:00,33.0,55.79,13.0,0.0
2025-05-16 19:00:00,32.0,59.03,18.4,0.0
2025-05-16 20:00:00,31.0,69.76,15.5,0.0
2025-05-16 21:00:00,30.0,70.28,16.6,0.0
2025-05-16 22:00:00,30.0,70.28,11.2,0.0
2025-05-16 23:00:00,30.0,73.35,11.9,0.0
2025-05-17 00:00:00,30.0,70.28,18.4,0.0
2025-05-17 01:00:00,30.0,70.28,13.0,0.0
2025-05-17 02:00:00,29.8,73.32,9.7,0.0
2025-05-17 03:00:00,29.0,74.46,13.0,0.0
2025-05-17 04:00:00,29.0,74.46,14.8,0.0
2025-05-17 05:00:00,28.8,75.5,10.8,0.0
2025-05-17 06:00:00,29.0,74.46,13.0,0.0
2025-05-17 07:00:00,29.0,70.1,14.8,0.0
2025-05-17 08:00:00,30.2,68.3,12.2,0.0
2025-05-17 09:00:00,31.0,62.49,16.6,0.0
2025-05-17 10:00:00,32.0,52.25,25.9,0.0
2025-05-17 11:00:00,32.4,57.83,19.7,0.0
2025-05-17 12:00:00,33.0,52.5,24.1,0.0
2025-05-17 13:00:00,33.0,49.39,18.4,0.0
2025-05-17 14:00:00,34.4,50.48,25.6,0.0
2025-05-17 15:00:00,34.0,49.64,22.3,0.0
2025-05-17 16:00:00,34.0,46.69,20.5,0.0
2025-05-17 17:00:00,33.4,54.02,16.9,0.0
2025-05-17 18:00:00,33.0,55.79,20.5,0.0
2025-05-17 19:00:00,31.0,62.49,18.4,0.0
2025-05-17 20:00:00,30.2,68.3,15.5,0.0
2025-05-17 21:00:00,30.0,70.28,14.8,0.0
2025-05-17 22:00:00,30.0,70.28,14.8,0.0
2025-05-17 23:00:00,30.0,72.15,11.9,0.0
2025-05-18 00:00:00,30.0,70.28,13.0,0.0
2025-05-18 01:00:00,30.0,66.17,14.8,0.0
2025-05-18 02:00:00,29.2,73.21,10.8,0.0
2025-05-18 03:00:00,29.0,74.46,5.4,0.0
2025-05-18 04:00:00,29.0,74.46,11.2,0.0
2025-05-18 05:00:00,29.0,75.89,8.6,0.0
2025-05-18 06:00:00,29.0,74.46,9.4,0.0
2025-05-18 07:00:00,29.0,74.46,7.6,0.0
2025-05-18 08:00:00,30.2,70.83,10.1,0.0
2025-05-18 09:00:00,32.0,59.03,14.8,0.0
2025-05-18 10:00:00,33.0,52.5,16.6,0.0
2025-05-18 11:00:00,34.0,52.22,15.5,0.0
2025-05-18 12:00:00,35.0,46.96,16.6,0.0
2025-05-18 13:00:00,35.0,44.17,18.4,0.0
2025-05-18 14:00:00,35.0,49.87,20.8,0.0
2025-05-18 15:00:00,35.0,44.17,22.3,0.0
2025-05-18 16:00:00,34.0,49.64,18.4,0.0
2025-05-18 17:00:00,34.0,52.22,24.0,0.0
2025-05-18 18:00:00,32.0,55.55,20.5,0.0
2025-05-18 19:00:00,31.0,62.49,22.3,0.0
2025-05-18 20:00:00,30.6,67.2,16.9,0.0
2025-05-18 21:00:00,30.0,66.17,18.4,0.0
2025-05-18 22:00:00,30.0,66.17,14.8,0.0
2025-05-18 23:00:00,30.0,70.79,15.5,0.0
2025-05-19 00:00:00,30.0,70.28,18.4,0.0
2025-05-19 01:00:00,30.0,70.28,18.4,0.0
2025-05-19 02:00:00,29.4,72.04,13.3,0.0
2025-05-19 03:00:00,29.0,70.1,16.6,0.0
2025-05-19 04:00:00,29.0,70.1,11.2,0.0
2025-05-19 05:00:00,28.4,75.79,12.6,0.0
2025-05-19 06:00:00,28.0,74.29,14.8,0.0
2025-05-19 07:00:00,29.0,74.46,13.0,0.0
2025-05-19 08:00:00,30.0,68.26,14.8,0.0
2025-05-19 09:00:00,31.0,62.49,18.4,0.0
2025-05-19 10:00:00,33.0,52.5,24.1,0.0
2025-05-19 11:00:00,33.4,54.02,19.3,0.0
2025-05-19 12:00:00,34.0,49.64,20.5,0.0
2025-05-19 13:00:00,34.0,49.64,25.9,0.0
2025-05-19 14:00:00,34.2,51.28,31.9,0.0
2025-05-19 15:00:00,34.0,49.64,18.4,0.0
2025-05-19 16:00:00,33.0,52.5,24.1,0.0
2025-05-19 17:00:00,33.0,55.89,28.0,0.0
2025-05-19 18:00:00,32.0,55.55,18.4,0.0
2025-05-19 19:00:00,31.0,62.49,20.5,0.0
2025-05-19 20:00:00,30.2,70.83,21.8,0.0
2025-05-19 21:00:00,30.0,70.28,18.4,0.0
2025-05-19 22:00:00,30.0,70.28,14.8,0.0
2025-05-19 23:00:00,30.0,68.26,14.4,0.0
2025-05-20 00:00:00,29.0,74.46,13.0,0.0
2025-05-20 01:00:00,29.0,74.46,16.6,0.0
2025-05-20 02:00:00,29.2,75.92,12.2,0.0
2025-05-20 03:00:00,29.0,74.46,13.0,0.0
2025-05-20 04:00:00,29.0,74.46,13.0,0.0
2025-05-20 05:00:00,29.2,74.5,13.3,0.0
2025-05-20 06:00:00,29.0,74.46,16.6,0.0
2025-05-20 07:00:00,29.0,74.46,11.2,0.0
2025-05-20 08:00:00,31.0,64.93,18.2,0.0
2025-05-20 09:00:00,32.0,55.55,25.9,0.0
2025-05-20 10:00:00,33.0,52.5,25.9,0.0
2025-05-20 11:00:00,34.0,53.1,25.6,0.0
2025-05-20 12:00:00,34.0,49.64,29.5,0.0
2025-05-20 13:00:00,35.0,44.17,29.5,0.0
2025-05-20 14:00:00,35.0,48.07,23.4,0.0
2025-05-20 15:00:00,35.0,44.17,25.9,0.0
2025-05-20 16:00:00,35.0,46.96,29.5,0.0
2025-05-20 17:00:00,34.0,55.08,25.6,0.0
2025-05-20 18:00:00,33.0,55.79,22.3,0.0
2025-05-20 19:00:00,32.0,29.47,22.3,0.0
2025-05-20 20:00:00,31.2,64.97,16.8,0.0
2025-05-20 21:00:00,31.0,62.49,13.0,0.0
2025-05-20 22:00:00,31.0,66.37,20.5,0.0
2025-05-20 23:00:00,30.8,69.72,16.9,0.0
2025-05-21 00:00:00,31.0,70.47,20.5,0.0
2025-05-21 01:00:00,30.0,74.62,18.4,0.0
2025-05-21 02:00:00,30.2,74.83,16.2,0.0
2025-05-21 03:00:00,30.0,70.28,18.4,0.0
2025-05-21 04:00:00,30.0,74.62,20.5,0.0
2025-05-21 05:00:00,30.0,76.04,16.9,0.0
2025-05-21 06:00:00,30.0,70.28,20.5,0.0
2025-05-21 07:00:00,30.0,70.28,16.6,0.0
2025-05-21 08:00:00,31.0,68.13,18.2,0.0
2025-05-21 09:00:00,32.0,55.55,18.4,0.0
2025-05-21 10:00:00,33.0,52.5,25.9,0.0
2025-05-21 11:00:00,34.6,53.25,18.4,0.0
2025-05-21 12:00:00,35.0,49.9,27.7,0.0
2025-05-21 13:00:00,36.0,47.22,29.5,0.0
2025-05-21 14:00:00,35.6,50.98,26.7,0.0
2025-05-21 15:00:00,36.0,44.43,33.5,0.0
2025-05-21 16:00:00,36.0,44.43,20.5,0.0
2025-05-21 17:00:00,34.0,58.21,28.0,0.0
2025-05-21 18:00:00,33.0,55.79,25.9,0.0
2025-05-21 19:00:00,32.0,59.03,16.6,0.0
2025-05-21 20:00:00,31.0,64.93,12.6,0.0
2025-05-21 21:00:00,30.0,66.17,20.5,0.0
2025-05-21 22:00:00,30.0,66.17,18.4,0.0
2025-05-21 23:00:00,30.0,68.26,12.2,0.0
2025-05-22 00:00:00,30.0,66.17,20.5,0.0
2025-05-22 01:00:00,30.0,66.17,22.3,0.0
2025-05-22 02:00:00,29.8,69.37,15.8,0.0
2025-05-22 03:00:00,29.0,74.46,14.8,0.0
2025-05-22 04:00:00,29.0,74.46,18.4,0.0
2025-05-22 05:00:00,29.0,75.89,13.7,0.0
2025-05-22 06:00:00,29.0,74.46,18.4,0.0
2025-05-22 07:00:00,30.0,70.28,11.2,0.0
2025-05-22 08:00:00,30.8,68.42,15.8,0.0
2025-05-22 09:00:00,32.0,62.7,18.4,0.0
2025-05-22 10:00:00,33.0,52.5,18.4,0.0
2025-05-22 11:00:00,34.2,54.21,17.3,0.0
2025-05-22 12:00:00,35.0,46.96,27.7,0.0
2025-05-22 13:00:00,36.0,39.29,27.7,0.0
2025-05-22 14:00:00,35.8,50.19,32.7,0.0
2025-05-22 15:00:00,35.0,46.96,29.5,0.0
2025-05-22 16:00:00,34.0,49.64,27.7,0.0
2025-05-22 17:00:00,34.0,53.1,22.6,0.0
2025-05-22 18:00:00,33.0,55.79,24.1,0.0
2025-05-22 19:00:00,31.0,62.49,22.3,0.0
2025-05-22 20:00:00,31.0,66.01,19.7,0.0
2025-05-22 21:00:00,30.0,70.28,13.0,0.0
2025-05-22 22:00:00,30.0,70.28,14.8,0.0
2025-05-22 23:00:00,30.0,73.35,11.2,0.0
2025-05-23 00:00:00,29.0,79.05,14.8,0.0
2025-05-23 01:00:00,29.0,79.05,16.6,0.0
2025-05-23 02:00:00,29.2,75.92,16.9,0.0
2025-05-23 03:00:00,29.0,74.46,16.6,0.0
2025-05-23 04:00:00,29.0,74.46,20.5,0.0
2025-05-23 05:00:00,29.0,75.89,16.8,0.0
2025-05-23 06:00:00,29.0,74.46,20.5,0.0
2025-05-23 07:00:00,29.0,74.46,18.4,0.0
2025-05-23 08:00:00,30.4,69.7,19.3,0.0
2025-05-23 09:00:00,32.0,59.03,18.4,0.0
2025-05-23 10:00:00,33.0,52.5,24.1,0.0
2025-05-23 11:00:00,35.0,44.47,22.3,0.0
2025-05-23 12:00:00,36.0,39.29,25.9,0.0
2025-05-23 13:00:00,37.0,34.95,27.7,0.0
2025-05-23 14:00:00,36.8,39.75,22.3,0.0
2025-05-23 15:00:00,36.0,44.43,31.7,0.0
2025-05-23 16:00:00,35.0,46.96,29.5,0.0
2025-05-23 17:00:00,34.0,53.1,22.9,0.0
2025-05-23 18:00:00,33.0,52.5,25.9,0.0
2025-05-23 19:00:00,32.0,59.03,20.5,0.0
2025-05-23 20:00:00,30.2,72.18,14.8,0.0
2025-05-23 21:00:00,30.0,74.62,22.3,0.0
2025-05-23 22:00:00,30.0,74.62,20.5,0.0
2025-05-23 23:00:00,30.0,76.04,16.9,0.0
2025-05-24 00:00:00,30.0,74.62,22.3,0.0
2025-05-24 01:00:00,29.0,79.05,18.4,0.0
2025-05-24 02:00:00,29.4,74.7,16.9,0.0
2025-05-24 03:00:00,29.0,74.46,13.0,0.0
2025-05-24 04:00:00,29.0,74.46,18.4,0.0
2025-05-24 05:00:00,29.2,75.92,14.8,0.0
2025-05-24 06:00:00,29.0,74.46,16.6,0.0
2025-05-24 07:00:00,30.0,70.28,16.6,0.0
2025-05-24 08:00:00,31.0,67.33,18.4,0.0
2025-05-24 09:00:00,32.0,59.03,18.4,0.0
2025-05-24 10:00:00,32.0,55.55,18.4,0.0
2025-05-24 11:00:00,33.0,55.93,21.2,0.0
2025-05-24 12:00:00,36.0,44.43,16.6,0.0
2025-05-24 13:00:00,36.0,44.43,29.5,0.0
2025-05-24 14:00:00,36.8,46.25,30.5,0.0
2025-05-24 15:00:00,37.0,47.48,27.7,0.0
2025-05-24 16:00:00,36.0,47.22,27.7,0.0
2025-05-24 17:00:00,34.8,54.58,23.4,0.0
2025-05-24 18:00:00,34.0,56.03,25.9,0.0
2025-05-24 19:00:00,32.0,62.7,18.4,0.0
2025-05-24 20:00:00,32.0,65.44,20.4,0.0
2025-05-24 21:00:00,32.0,62.7,13.0,0.0
2025-05-24 22:00:00,31.0,70.47,24.1,0.0
2025-05-24 23:00:00,30.8,76.17,16.9,0.0
2025-05-25 00:00:00,31.0,74.78,18.4,0.0
2025-05-25 01:00:00,31.0,74.78,18.4,0.0
2025-05-25 02:00:00,30.8,76.17,19.7,0.0
2025-05-25 03:00:00,31.0,74.78,22.3,0.0
2025-05-25 04:00:00,31.0,74.78,18.4,0.0
2025-05-25 05:00:00,30.6,78.34,14.8,0.0
2025-05-25 06:00:00,30.0,79.19,18.4,0.0
2025-05-25 07:00:00,31.0,74.78,18.4,0.0
2025-05-25 08:00:00,31.8,68.93,18.4,0.0
2025-05-25 09:00:00,33.0,62.92,14.8,0.0
2025-05-25 10:00:00,34.0,59.49,18.4,0.0
2025-05-25 11:00:00,35.4,55.85,18.2,0.0
2025-05-25 12:00:00,36.0,50.15,13.0,0.0
2025-05-25 13:00:00,37.0,47.48,27.7,0.0
2025-05-25 14:00:00,37.0,50.73,24.5,0.0
2025-05-25 15:00:00,37.0,47.48,29.5,0.0
2025-05-25 16:00:00,36.0,50.15,29.5,0.0
2025-05-25 17:00:00,35.2,55.76,24.0,0.0
2025-05-25 18:00:00,34.0,56.03,27.7,0.0
2025-05-25 19:00:00,32.0,66.57,25.9,0.0
2025-05-25 20:00:00,31.8,71.06,20.8,0.0
2025-05-25 21:00:00,31.0,70.47,16.6,0.0
2025-05-25 22:00:00,31.0,70.47,14.8,0.0
2025-05-25 23:00:00,31.2,71.34,13.7,0.0
2025-05-26 00:00:00,31.0,70.47,18.4,0.0
2025-05-26 01:00:00,31.0,70.47,13.0,0.0
2025-05-26 02:00:00,30.2,78.85,15.8,0.0
2025-05-26 03:00:00,30.0,74.62,16.6,0.0
2025-05-26 04:00:00,30.0,79.19,13.0,0.0
2025-05-26 05:00:00,30.2,78.85,15.8,0.0
2025-05-26 06:00:00,30.0,79.19,9.4,0.0
2025-05-26 07:00:00,30.0,79.19,13.0,0.0
2025-05-26 08:00:00,31.2,73.95,13.7,0.0
2025-05-26 09:00:00,32.0,66.57,16.6,0.0
2025-05-26 10:00:00,34.0,56.03,11.2,0.0
2025-05-26 11:00:00,35.0,55.71,15.8,0.0
2025-05-26 12:00:00,37.0,44.7,13.0,0.0
2025-05-26 13:00:00,38.0,42.33,14.8,0.0
2025-05-26 14:00:00,38.0,45.04,16.9,0.0
2025-05-26 15:00:00,38.0,42.33,18.4,0.0
2025-05-26 16:00:00,37.0,44.7,25.9,0.0
2025-05-26 17:00:00,35.6,53.88,21.8,0.0
2025-05-26 18:00:00,35.0,49.9,16.6,0.0
2025-05-26 19:00:00,34.0,49.64,24.1,0.0
2025-05-26 20:00:00,32.8,59.89,17.3,0.0
2025-05-26 21:00:00,32.0,62.7,18.4,0.0
2025-05-26 22:00:00,31.0,66.37,13.0,0.0
2025-05-26 23:00:00,31.0,76.2,12.6,0.0
2025-05-27 00:00:00,30.0,79.19,13.0,0.0
2025-05-27 01:00:00,30.0,74.62,18.4,0.0
2025-05-27 02:00:00,30.0,77.3,15.8,0.0
2025-05-27 03:00:00,29.0,89.51,20.2,0.0
2025-05-27 04:00:00,30.0,74.62,14.8,0.0
2025-05-27 05:00:00,30.0,77.3,17.3,0.0
2025-05-27 06:00:00,30.0,74.62,22.3,0.0
2025-05-27 07:00:00,30.0,74.62,22.3,0.0
2025-05-27 08:00:00,31.0,70.47,22.3,0.0
2025-05-27 09:00:00,32.0,62.7,16.6,0.0
2025-05-27 10:00:00,33.0,55.79,24.1,0.0
2025-05-27 11:00:00,34.0,55.08,14.8,0.0
2025-05-27 12:00:00,35.0,46.96,18.4,0.0
2025-05-27 13:00:00,35.0,49.9,25.9,0.0
2025-05-27 14:00:00,35.0,53.73,28.1,0.0
2025-05-27 15:00:00,35.0,49.9,27.7,0.0
2025-05-27 16:00:00,34.0,52.75,27.7,0.0
2025-05-27 17:00:00,34.0,57.34,25.6,0.0
2025-05-27 18:00:00,33.0,59.26,27.7,0.0
2025-05-27 19:00:00,32.0,66.57,22.3,0.0
2025-05-27 20:00:00,31.0,76.2,19.7,0.0
2025-05-27 21:00:00,31.0,74.78,18.4,0.0
2025-05-27 22:00:00,31.0,66.37,22.3,0.0
2025-05-27 23:00:00,31.0,69.76,12.2,0.0
2025-05-28 00:00:00,31.0,66.37,14.8,0.0
2025-05-28 01:00:00,30.0,74.62,11.2,0.0
2025-05-28 02:00:00,30.0,77.3,11.2,0.0
2025-05-28 03:00:00,30.0,79.19,18.4,0.0
2025-05-28 04:00:00,30.0,79.19,18.4,0.0
2025-05-28 05:00:00,30.2,76.61,17.9,0.0
2025-05-28 06:00:00,30.0,79.19,16.6,0.0
2025-05-28 07:00:00,30.0,74.62,18.4,0.0
2025-05-28 08:00:00,30.4,78.88,15.5,0.0
2025-05-28 09:00:00,33.0,62.92,14.8,0.0
2025-05-28 10:00:00,34.0,59.49,16.6,0.0
2025-05-28 11:00:00,34.6,59.59,19.3,0.0
2025-05-28 12:00:00,36.0,53.25,14.8,0.0
2025-05-28 13:00:00,37.0,50.41,22.3,0.0
2025-05-28 14:00:00,36.6,54.12,21.8,0.0
2025-05-28 15:00:00,37.0,50.41,18.4,0.0
2025-05-28 16:00:00,36.0,53.25,25.9,0.0
2025-05-28 17:00:00,34.2,62.55,24.0,0.0
2025-05-28 18:00:00,33.0,66.77,29.5,0.0
2025-05-28 19:00:00,32.0,70.65,27.7,0.0
2025-05-28 20:00:00,31.8,77.75,21.5,0.0
2025-05-28 21:00:00,32.0,74.94,25.9,0.0
2025-05-28 22:00:00,31.0,79.32,18.4,0.0
2025-05-28 23:00:00,31.0,78.96,15.5,0.0
2025-05-29 00:00:00,31.0,79.32,14.8,0.0
2025-05-29 01:00:00,31.0,74.78,13.0,0.0
2025-05-29 02:00:00,30.2,80.34,9.7,0.0
2025-05-29 03:00:00,30.0,79.19,11.2,0.0
2025-05-29 04:00:00,29.0,83.89,11.2,0.0
2025-05-29 05:00:00,29.6,83.18,10.1,0.0
2025-05-29 06:00:00,30.0,79.19,14.8,0.0
2025-05-29 07:00:00,31.0,79.32,9.4,0.0
2025-05-29 08:00:00,31.2,78.99,4.7,0.0
2025-05-29 09:00:00,33.0,70.83,9.4,0.0
2025-05-29 10:00:00,35.0,56.27,11.2,0.0
2025-05-29 11:00:00,36.0,55.95,8.6,0.0
2025-05-29 12:00:00,37.0,50.41,18.4,0.0
2025-05-29 13:00:00,36.0,53.25,18.4,0.0
2025-05-29 14:00:00,37.2,49.95,20.8,0.0
2025-05-29 15:00:00,38.0,42.33,22.3,0.0
2025-05-29 16:00:00,38.0,35.23,22.3,0.0
2025-05-29 17:00:00,37.6,36.24,24.5,0.0
2025-05-29 18:00:00,37.0,30.82,22.3,0.0
2025-05-29 19:00:00,36.0,28.66,24.1,0.0
2025-05-29 20:00:00,35.0,32.93,10.4,0.0
2025-05-29 21:00:00,34.0,38.75,11.2,0.0
2025-05-29 22:00:00,33.0,46.43,9.4,0.0
2025-05-29 23:00:00,33.2,43.66,16.2,0.0
2025-05-30 00:00:00,33.0,43.63,13.0,0.0
2025-05-30 01:00:00,32.0,55.55,16.6,0.0
2025-05-30 02:00:00,31.0,72.32,18.2,0.0
2025-05-30 03:00:00,31.0,66.37,13.0,0.0
2025-05-30 04:00:00,30.0,74.62,14.8,0.0
2025-05-30 05:00:00,30.2,72.18,12.6,0.0
2025-05-30 06:00:00,31.0,62.49,9.4,0.0
2025-05-30 07:00:00,31.0,66.37,11.2,0.0
2025-05-30 08:00:00,32.2,64.26,15.8,0.0
2025-05-30 09:00:00,34.0,52.75,22.3,0.0
2025-05-30 10:00:00,36.0,41.79,33.5,0.0
2025-05-30 11:00:00,37.0,42.14,22.3,0.0
2025-05-30 12:00:00,39.0,33.37,22.3,0.0
2025-05-30 13:00:00,39.0,27.65,35.3,0.0
2025-05-30 14:00:00,38.6,34.94,25.1,0.0
2025-05-30 15:00:00,38.0,39.83,25.9,0.0
2025-05-30 16:00:00,37.0,44.7,33.5,0.0
2025-05-30 17:00:00,35.0,53.73,28.1,0.0
2025-05-30 18:00:00,35.0,46.96,22.3,0.0
2025-05-30 19:00:00,33.0,59.26,29.5,0.0
2025-05-30 20:00:00,32.0,59.7,28.0,0.0
2025-05-30 21:00:00,32.0,59.03,27.7,0.0
2025-05-30 22:00:00,31.0,70.47,9.4,0.0
2025-05-30 23:00:00,31.0,72.32,16.2,0.0
2025-05-31 00:00:00,30.0,79.19,20.5,0.0
2025-05-31 01:00:00,30.0,79.19,22.3,0.0
2025-05-31 02:00:00,30.2,80.34,23.7,0.0
2025-05-31 03:00:00,30.0,79.19,24.1,0.0
2025-05-31 04:00:00,30.0,79.19,29.5,0.0
2025-05-31 05:00:00,30.0,81.63,27.5,0.0
2025-05-31 06:00:00,30.0,79.19,31.7,0.0
2025-05-31 07:00:00,30.0,79.19,22.3,0.0
2025-05-31 08:00:00,31.0,76.2,20.8,0.0
2025-05-31 09:00:00,32.0,66.57,18.4,0.0
2025-05-31 10:00:00,34.0,56.03,18.4,0.0
2025-05-31 11:00:00,34.8,54.36,24.0,0.0
2025-05-31 12:00:00,37.0,44.7,22.3,0.0
2025-05-31 13:00:00,37.0,47.48,33.5,0.0
2025-05-31 14:00:00,36.6,48.6,34.1,0.0
2025-05-31 15:00:00,37.0,42.06,38.9,0.0
2025-05-31 16:00:00,36.0,44.43,37.1,0.0
2025-05-31 17:00:00,34.8,53.55,30.5,0.0
2025-05-31 18:00:00,33.0,55.79,29.5,0.0
2025-05-31 19:00:00,32.0,66.57,22.3,0.0
2025-05-31 20:00:00,31.0,76.2,22.9,0.0
2025-05-31 21:00:00,31.0,74.78,29.5,0.0
2025-05-31 22:00:00,31.0,74.78,24.1,0.0
2025-05-31 23:00:00,30.8,77.6,21.8,0.0
2025-06-01 00:00:00,30.0,79.19,18.4,0.0
2025-06-01 01:00:00,30.0,79.19,16.6,0.0
2025-06-01 02:00:00,30.0,84.59,18.4,0.0
2025-06-01 03:00:00,30.0,84.0,25.9,0.0
2025-06-01 04:00:00,30.0,84.0,20.5,0.0
2025-06-01 05:00:00,30.0,84.59,11.9,0.0
2025-06-01 06:00:00,30.0,79.19,14.8,0.0
2025-06-01 07:00:00,30.0,79.19,20.5,0.0
2025-06-01 08:00:00,31.0,78.96,18.2,0.0
2025-06-01 09:00:00,32.0,74.94,22.3,0.0
2025-06-01 10:00:00,33.0,59.26,20.5,0.0
2025-06-01 11:00:00,34.2,58.53,19.7,0.0
2025-06-01 12:00:00,35.0,53.0,22.3,0.0
2025-06-01 13:00:00,37.0,39.56,25.9,0.0
2025-06-01 14:00:00,36.8,41.25,32.7,0.0
2025-06-01 15:00:00,37.0,37.2,29.5,0.0
2025-06-01 16:00:00,37.0,32.83,29.5,0.0
2025-06-01 17:00:00,36.8,32.57,27.5,0.0
2025-06-01 18:00:00,34.0,46.69,29.5,0.0
2025-06-01 19:00:00,33.0,55.79,27.7,0.0
2025-06-01 20:00:00,32.0,61.92,16.9,0.0
2025-06-01 21:00:00,32.0,59.03,18.4,0.0
2025-06-01 22:00:00,31.0,70.47,16.6,0.0
2025-06-01 23:00:00,30.8,76.17,11.9,0.0
2025-06-02 00:00:00,31.0,74.78,14.8,0.0
2025-06-02 01:00:00,31.0,74.78,18.4,0.0
2025-06-02 02:00:00,30.2,80.34,21.5,0.0
2025-06-02 03:00:00,30.0,84.0,13.0,0.0
2025-06-02 04:00:00,30.0,84.0,24.1,0.0
2025-06-02 05:00:00,30.2,83.25,15.5,0.0
2025-06-02 06:00:00,30.0,84.0,14.8,0.0
2025-06-02 07:00:00,30.0,84.0,18.4,0.0
2025-06-02 08:00:00,31.0,76.2,13.7,0.0
2025-06-02 09:00:00,32.0,66.57,16.6,0.0
2025-06-02 10:00:00,34.0,59.49,22.3,0.0
2025-06-02 11:00:00,34.8,56.59,22.9,0.0
2025-06-02 12:00:00,35.0,53.0,25.9,0.0
2025-06-02 13:00:00,36.0,50.15,24.1,0.0
2025-06-02 14:00:00,36.0,52.1,22.9,0.0
2025-06-02 15:00:00,36.0,50.15,33.5,0.0
2025-06-02 16:00:00,35.0,46.96,33.5,0.0
2025-06-02 17:00:00,34.2,58.53,29.1,0.0
2025-06-02 18:00:00,33.0,55.79,29.5,0.0
2025-06-02 19:00:00,32.0,62.7,27.7,0.0
2025-06-02 20:00:00,31.0,73.52,22.3,0.0
2025-06-02 21:00:00,31.0,70.47,22.3,0.0
2025-06-02 22:00:00,31.0,70.47,22.3,0.0
2025-06-02 23:00:00,30.8,72.63,15.5,0.0
2025-06-03 00:00:00,30.0,74.62,18.4,0.0
2025-06-03 01:00:00,30.0,74.62,18.4,0.0
2025-06-03 02:00:00,30.0,74.62,22.3,0.0
2025-06-03 03:00:00,29.0,74.46,22.3,0.0
2025-06-03 04:00:00,29.0,74.46,22.3,0.0
2025-06-03 05:00:00,29.2,77.18,18.2,0.0
2025-06-03 06:00:00,29.0,79.05,14.8,0.0
2025-06-03 07:00:00,30.0,74.62,18.4,0.0
2025-06-03 08:00:00,30.4,73.47,19.3,0.0
2025-06-03 09:00:00,32.0,62.7,22.3,0.0
2025-06-03 10:00:00,32.0,62.7,20.5,0.0
2025-06-03 11:00:00,33.0,62.29,22.3,0.0
2025-06-03 12:00:00,33.0,55.79,29.5,0.0
2025-06-03 13:00:00,34.0,52.75,33.5,0.0
2025-06-03 14:00:00,34.0,56.13,29.1,0.0
2025-06-03 15:00:00,34.0,52.75,27.7,0.0
2025-06-03 16:00:00,33.0,59.26,27.7,0.0
2025-06-03 17:00:00,33.0,63.32,25.9,0.0
2025-06-03 18:00:00,32.0,66.57,29.5,0.0
2025-06-03 19:00:00,32.0,66.57,29.5,0.0
2025-06-03 20:00:00,31.0,73.52,18.4,0.0
2025-06-03 21:00:00,31.0,70.47,14.8,0.0
2025-06-03 22:00:00,31.0,70.47,22.3,0.0
2025-06-03 23:00:00,30.0,77.3,16.9,0.0
2025-06-04 00:00:00,30.0,74.62,16.6,0.0
2025-06-04 01:00:00,30.0,74.62,18.4,0.0
2025-06-04 02:00:00,30.0,77.3,13.3,0.0
2025-06-04 03:00:00,30.0,74.62,13.0,0.0
2025-06-04 04:00:00,30.0,74.62,14.8,0.0
2025-06-04 05:00:00,30.0,76.04,14.4,0.0
2025-06-04 06:00:00,29.0,74.46,20.5,0.0
2025-06-04 07:00:00,30.0,70.28,20.5,0.0
2025-06-04 08:00:00,31.0,68.45,18.2,0.0
2025-06-04 09:00:00,32.0,55.55,27.7,0.0
2025-06-04 10:00:00,33.0,52.5,22.3,0.0
2025-06-04 11:00:00,33.2,53.84,19.7,0.0
2025-06-04 12:00:00,34.0,49.64,27.7,0.0
2025-06-04 13:00:00,35.0,46.96,22.3,0.0
2025-06-04 14:00:00,35.0,49.87,26.7,0.0
2025-06-04 15:00:00,35.0,46.96,31.7,0.0
2025-06-04 16:00:00,35.0,46.96,29.5,0.0
2025-06-04 17:00:00,33.4,54.93,26.4,0.0
2025-06-04 18:00:00,33.0,52.5,24.1,0.0
2025-06-04 19:00:00,33.0,55.79,18.4,0.0
2025-06-04 20:00:00,31.2,64.97,21.8,0.0
2025-06-04 21:00:00,31.0,62.49,18.4,0.0
2025-06-04 22:00:00,31.0,62.49,27.7,0.0
2025-06-04 23:00:00,30.2,68.3,17.9,0.0
2025-06-05 00:00:00,30.0,66.17,18.4,0.0
2025-06-05 01:00:00,30.0,66.17,18.4,0.0
2025-06-05 02:00:00,30.2,68.3,16.9,0.1
2025-06-05 03:00:00,30.0,66.17,18.4,0.1
2025-06-05 04:00:00,30.0,66.17,11.2,0.0
2025-06-05 05:00:00,30.0,66.97,9.7,0.0
2025-06-05 06:00:00,29.0,65.97,11.2,0.0
2025-06-05 07:00:00,30.0,62.27,14.8,0.0
2025-06-05 08:00:00,31.2,57.14,14.8,0.0
2025-06-05 09:00:00,32.0,52.25,22.3,0.0
2025-06-05 10:00:00,33.0,49.39,18.4,0.0
2025-06-05 11:00:00,34.0,49.38,20.4,0.0
2025-06-05 12:00:00,35.0,41.52,18.4,0.0
2025-06-05 13:00:00,35.0,41.52,20.5,0.0
2025-06-05 14:00:00,35.6,45.49,27.5,0.0
2025-06-05 15:00:00,35.0,44.17,27.7,0.0
2025-06-05 16:00:00,36.0,41.79,16.6,0.0
2025-06-05 17:00:00,34.6,50.49,25.1,0.0
2025-06-05 18:00:00,34.0,49.64,25.9,0.0
2025-06-05 19:00:00,32.0,55.55,18.4,0.0
2025-06-05 20:00:00,31.0,64.93,18.2,0.0
2025-06-05 21:00:00,31.0,62.49,22.3,0.0
2025-06-05 22:00:00,31.0,62.49,22.3,0.0
2025-06-05 23:00:00,30.2,67.17,19.3,0.0
2025-06-06 00:00:00,30.0,66.17,18.4,0.0
2025-06-06 01:00:00,30.0,66.17,20.5,0.0
2025-06-06 02:00:00,30.1,71.58,14.8,0.0
2025-06-06 03:00:00,30.0,66.17,18.4,0.0
2025-06-06 04:00:00,30.0,66.17,14.8,0.0
2025-06-06 05:00:00,29.2,65.65,15.8,0.0
2025-06-06 06:00:00,29.0,62.05,13.0,0.0
2025-06-06 07:00:00,30.0,66.17,18.4,0.0
2025-06-06 08:00:00,31.0,62.64,18.4,0.0
2025-06-06 09:00:00,32.0,59.03,25.9,0.0
2025-06-06 10:00:00,34.0,46.69,16.6,0.0
2025-06-06 11:00:00,34.2,48.6,18.2,0.0
2025-06-06 12:00:00,35.0,39.02,22.3,0.0
2025-06-06 13:00:00,35.0,41.52,27.7,0.0
2025-06-06 14:00:00,35.8,44.11,27.0,0.0
2025-06-06 15:00:00,35.0,41.52,29.5,0.0
2025-06-06 16:00:00,34.0,43.9,29.5,0.0
2025-06-06 17:00:00,33.4,51.94,27.0,0.0
2025-06-06 18:00:00,33.0,52.5,27.7,0.0
2025-06-06 19:00:00,32.0,59.03,29.5,0.0
2025-06-06 20:00:00,31.0,67.28,25.6,0.0
2025-06-06 21:00:00,31.0,62.49,27.7,0.0
2025-06-06 22:00:00,30.0,62.27,27.7,0.0
2025-06-06 23:00:00,30.0,68.26,19.3,0.0
2025-06-07 00:00:00,30.0,66.17,18.4,0.0
2025-06-07 01:00:00,30.0,66.17,18.4,0.0
2025-06-07 02:00:00,29.4,70.68,16.9,0.0
2025-06-07 03:00:00,29.0,70.1,11.2,0.0
2025-06-07 04:00:00,29.0,70.1,18.4,0.0
2025-06-07 05:00:00,29.2,69.26,14.8,0.0
2025-06-07 06:00:00,29.0,65.97,20.5,0.0
2025-06-07 07:00:00,29.0,70.1,18.4,0.0
2025-06-07 08:00:00,30.2,68.3,16.9,0.0
2025-06-07 09:00:00,31.0,58.8,24.1,0.0
2025-06-07 10:00:00,33.0,52.5,24.1,0.0
2025-06-07 11:00:00,34.0,52.22,25.6,0.0
2025-06-07 12:00:00,34.0,49.64,25.9,0.0
2025-06-07 13:00:00,35.0,46.96,40.7,0.0
2025-06-07 14:00:00,34.6,52.33,34.9,0.0
2025-06-07 15:00:00,35.0,46.96,33.5,0.0
2025-06-07 16:00:00,34.0,49.64,33.5,0.0
2025-06-07 17:00:00,33.6,54.94,28.4,0.0
2025-06-07 18:00:00,32.0,55.55,29.5,0.0
2025-06-07 19:00:00,31.0,62.49,27.7,0.0
2025-06-07 20:00:00,30.2,67.17,25.6,0.0
2025-06-07 21:00:00,30.0,66.17,27.7,0.0
2025-06-07 22:00:00,30.0,66.17,22.3,0.0
2025-06-07 23:00:00,29.2,75.92,22.3,0.0
2025-06-08 00:00:00,29.0,70.1,18.4,0.0
2025-06-08 01:00:00,29.0,74.46,22.3,0.0
2025-06-08 02:00:00,28.4,75.79,20.8,0.0
2025-06-08 03:00:00,28.0,74.29,16.6,0.0
2025-06-08 04:00:00,28.0,69.91,18.4,0.0
2025-06-08 05:00:00,28.2,73.1,15.8,0.0
2025-06-08 06:00:00,28.0,74.29,22.3,0.0
2025-06-08 07:00:00,29.0,70.1,18.4,0.0
2025-06-08 08:00:00,30.0,70.74,22.3,0.0
2025-06-08 09:00:00,31.0,58.8,22.3,0.0
2025-06-08 10:00:00,33.0,52.5,18.4,0.0
2025-06-08 11:00:00,33.8,53.05,24.0,0.0
2025-06-08 12:00:00,35.0,44.17,27.7,0.0
2025-06-08 13:00:00,35.0,46.96,31.7,0.0
2025-06-08 14:00:00,35.0,50.83,28.1,0.0
2025-06-08 15:00:00,34.0,49.64,33.5,0.0
2025-06-08 16:00:00,34.0,49.64,33.5,0.0
2025-06-08 17:00:00,33.0,52.5,33.5,0.0
2025-06-08 18:00:00,32.0,55.55,29.5,0.0
2025-06-08 19:00:00,30.0,62.27,29.5,0.0
2025-06-08 20:00:00,30.0,65.81,25.1,0.0
2025-06-08 21:00:00,29.0,70.1,27.7,0.0
2025-06-08 22:00:00,29.0,70.1,27.7,0.0
2025-06-08 23:00:00,29.2,70.65,22.9,0.0
2025-06-09 00:00:00,29.0,65.97,13.0,0.0
2025-06-09 01:00:00,29.0,65.97,20.5,0.0
2025-06-09 02:00:00,29.2,70.65,16.2,0.0
2025-06-09 03:00:00,29.0,70.1,16.6,0.0
2025-06-09 04:00:00,29.0,65.97,16.6,0.0
2025-06-09 05:00:00,28.4,70.16,15.8,0.0
2025-06-09 06:00:00,28.0,69.91,16.6,0.0
2025-06-09 07:00:00,29.0,70.1,18.4,0.0
2025-06-09 08:00:00,30.0,66.97,16.9,0.0
2025-06-09 09:00:00,32.0,52.25,18.4,0.0
2025-06-09 10:00:00,33.0,49.39,24.1,0.0
2025-06-09 11:00:00,33.2,51.89,30.2,0.0
2025-06-09 12:00:00,34.0,46.69,35.3,0.0
2025-06-09 13:00:00,34.0,46.69,31.7,0.0
2025-06-09 14:00:00,34.0,49.38,31.6,0.0
2025-06-09 15:00:00,34.0,46.69,35.3,0.0
2025-06-09 16:00:00,34.0,46.69,33.5,0.0
2025-06-09 17:00:00,33.0,51.84,29.1,0.0
2025-06-09 18:00:00,32.0,55.55,33.5,0.0
2025-06-09 19:00:00,31.0,58.8,31.7,0.0
2025-06-09 20:00:00,30.6,63.57,22.9,0.0
2025-06-09 21:00:00,30.0,62.27,24.1,0.0
2025-06-09 22:00:00,30.0,66.17,25.9,0.0
2025-06-09 23:00:00,29.2,71.83,20.8,0.0
2025-06-10 00:00:00,29.0,65.97,14.8,0.0
2025-06-10 01:00:00,29.0,70.1,18.4,0.0
2025-06-10 02:00:00,29.0,69.22,19.3,0.0
2025-06-10 03:00:00,29.0,70.1,14.8,0.0
2025-06-10 04:00:00,29.0,70.1,14.8,0.0
2025-06-10 05:00:00,28.4,75.79,14.8,0.0
2025-06-10 06:00:00,28.0,78.91,16.6,0.0
2025-06-10 07:00:00,29.0,74.46,18.4,0.0
2025-06-10 08:00:00,30.0,69.57,18.4,0.0
2025-06-10 09:00:00,31.0,62.49,33.5,0.0
2025-06-10 10:00:00,32.0,55.55,31.7,0.0
2025-06-10 11:00:00,32.0,58.43,27.5,0.0
2025-06-10 12:00:00,33.0,55.79,35.3,0.0
2025-06-10 13:00:00,34.0,49.64,40.7,0.0
2025-06-10 14:00:00,33.8,53.05,29.4,0.0
2025-06-10 15:00:00,34.0,46.69,37.1,0.0
2025-06-10 16:00:00,34.0,49.64,38.9,0.0
2025-06-10 17:00:00,33.0,52.85,30.5,0.0
2025-06-10 18:00:00,32.0,52.25,29.5,0.0
2025-06-10 19:00:00,31.0,58.8,33.5,0.0
2025-06-10 20:00:00,30.2,68.3,21.8,0.0
2025-06-10 21:00:00,30.0,66.17,14.8,0.0
2025-06-10 22:00:00,30.0,66.17,18.4,0.0
2025-06-10 23:00:00,30.0,69.57,21.2,0.0
2025-06-11 00:00:00,30.0,66.17,22.3,0.0
2025-06-11 01:00:00,30.0,66.17,20.5,0.0
2025-06-11 02:00:00,29.2,75.92,17.3,0.0
2025-06-11 03:00:00,29.0,74.46,22.3,0.0
2025-06-11 04:00:00,29.0,74.46,20.5,0.0
2025-06-11 05:00:00,29.2,75.92,17.9,0.0
2025-06-11 06:00:00,29.0,74.46,20.5,0.0
2025-06-11 07:00:00,29.0,74.46,14.8,0.0
2025-06-11 08:00:00,30.2,73.38,22.3,0.0
2025-06-11 09:00:00,30.0,70.28,27.7,0.0
2025-06-11 10:00:00,31.0,66.37,25.9,0.0
2025-06-11 11:00:00,31.2,67.37,26.7,0.0
2025-06-11 12:00:00,32.0,59.03,33.5,0.0
2025-06-11 13:00:00,32.0,59.03,31.7,0.0
2025-06-11 14:00:00,33.2,55.94,29.4,0.0
2025-06-11 15:00:00,33.0,52.5,33.5,0.0
2025-06-11 16:00:00,33.0,52.5,29.5,0.0
2025-06-11 17:00:00,32.8,58.85,28.0,0.0
2025-06-11 18:00:00,32.0,59.03,27.7,0.0
2025-06-11 19:00:00,31.0,66.37,27.7,0.0
2025-06-11 20:00:00,30.2,72.18,22.9,0.0
2025-06-11 21:00:00,30.0,74.62,25.9,0.0
2025-06-11 22:00:00,30.0,70.28,18.4,0.0
2025-06-11 23:00:00,30.0,73.35,16.8,0.0
2025-06-12 00:00:00,30.0,70.28,16.6,0.0
2025-06-12 01:00:00,30.0,70.28,16.6,0.0
2025-06-12 02:00:00,29.0,74.46,18.4,0.0
2025-06-12 03:00:00,29.0,79.05,16.6,0.0
2025-06-12 04:00:00,29.0,79.05,22.3,0.0
2025-06-12 05:00:00,29.0,79.05,14.8,0.0
2025-06-12 06:00:00,29.0,79.05,25.9,0.0
2025-06-12 07:00:00,30.0,74.62,20.5,0.0
2025-06-12 08:00:00,30.2,74.83,18.8,0.0
2025-06-12 09:00:00,32.0,62.7,20.5,0.0
2025-06-12 10:00:00,33.0,55.79,29.5,0.0
2025-06-12 11:00:00,33.8,57.02,27.0,0.0
2025-06-12 12:00:00,36.0,44.43,33.5,0.0
2025-06-12 13:00:00,37.0,42.06,31.7,0.0
2025-06-12 14:00:00,35.0,53.73,25.9,0.0
2025-06-12 15:00:00,35.0,49.9,31.7,0.0
2025-06-12 16:00:00,35.0,49.9,31.7,0.0
2025-06-12 17:00:00,34.0,57.34,24.5,0.0
2025-06-12 18:00:00,33.0,55.79,27.7,0.0
2025-06-12 19:00:00,32.0,59.03,27.7,0.0
2025-06-12 20:00:00,30.8,69.67,22.3,0.0
2025-06-12 21:00:00,30.0,66.17,27.7,0.0
2025-06-12 22:00:00,30.0,74.62,13.0,0.0
2025-06-12 23:00:00,30.0,77.3,15.8,0.0
2025-06-13 00:00:00,30.0,74.62,14.8,0.0
2025-06-13 01:00:00,29.0,79.05,14.8,0.0
2025-06-13 02:00:00,29.2,81.15,16.2,0.0
2025-06-13 03:00:00,29.0,79.05,14.8,0.0
2025-06-13 04:00:00,29.0,79.05,14.8,0.0
2025-06-13 05:00:00,29.2,81.15,13.3,0.0
2025-06-13 06:00:00,29.0,79.05,18.4,0.0
2025-06-13 07:00:00,30.0,74.62,18.4,0.0
2025-06-13 08:00:00,31.2,72.35,21.2,0.0
2025-06-13 09:00:00,32.0,70.65,18.4,0.0
2025-06-13 10:00:00,34.0,56.03,18.4,0.0
2025-06-13 11:00:00,35.0,55.71,16.9,0.0
2025-06-13 12:00:00,37.0,44.7,20.5,0.0
2025-06-13 13:00:00,38.0,39.83,18.4,0.0
2025-06-13 14:00:00,38.8,42.82,16.2,0.0
2025-06-13 15:00:00,38.0,44.96,33.5,0.0
2025-06-13 16:00:00,35.0,56.27,25.9,0.0
2025-06-13 17:00:00,33.8,63.49,28.4,0.0
2025-06-13 18:00:00,32.0,66.57,31.7,0.0
2025-06-13 19:00:00,32.0,70.65,22.3,0.0
2025-06-13 20:00:00,31.0,73.52,22.9,0.0
2025-06-13 21:00:00,30.0,74.62,22.3,0.0
2025-06-13 22:00:00,31.0,70.47,11.2,0.0
2025-06-13 23:00:00,30.8,76.17,13.3,0.0
2025-06-14 00:00:00,30.0,79.19,18.4,0.0
2025-06-14 01:00:00,30.0,79.19,16.6,0.0
2025-06-14 02:00:00,30.0,80.12,14.4,0.0
2025-06-14 03:00:00,30.0,79.19,13.0,0.0
2025-06-14 04:00:00,30.0,79.19,18.4,0.0
2025-06-14 05:00:00,30.0,80.12,13.3,0.0
2025-06-14 06:00:00,30.0,79.19,13.0,0.0
2025-06-14 07:00:00,30.0,79.19,16.6,0.0
2025-06-14 08:00:00,31.0,76.2,14.4,0.0
2025-06-14 09:00:00,33.0,66.77,11.2,0.0
2025-06-14 10:00:00,33.0,66.77,13.0,0.0
2025-06-14 11:00:00,36.0,51.08,12.2,0.0
2025-06-14 12:00:00,36.0,47.22,16.6,0.0
2025-06-14 13:00:00,36.0,50.15,18.4,0.0
2025-06-14 14:00:00,35.6,55.07,13.3,0.0
2025-06-14 15:00:00,36.0,50.15,22.3,0.0
2025-06-14 16:00:00,35.0,53.0,24.1,0.0
2025-06-14 17:00:00,34.2,61.68,19.3,0.0
2025-06-14 18:00:00,33.0,62.92,24.1,0.0
2025-06-14 19:00:00,32.0,66.57,14.8,0.0
2025-06-14 20:00:00,32.0,69.94,9.3,0.0
2025-06-14 21:00:00,32.0,66.57,11.2,0.0
2025-06-14 22:00:00,31.0,79.32,20.5,0.0
2025-06-14 23:00:00,31.0,80.44,9.7,0.0
